customer_id,age,annual_income,loan_amount,loan_purpose,credit_score,transaction_count,spending_ratio,join_date,default_flag
CUST00001,60.0,261459.87,147692.98,Education,633.0,44,14.08,2015-04-15,0
CUST00002,44.0,393587.92,70387.07,Other,672.0,48,12.23,2017-09-24,0
CUST00003,19.0,767271.71,77355.93,Other,598.0,54,25.96,2023-12-13,1
CUST00004,18.0,340998.75,74790.99,Car,801.0,32,30.96,2024-10-26,0
CUST00005,,286282.4,207168.38,Business,663.0,42,21.69,2020-04-02,1
CUST00006,37.0,478175.03,96321.83,Business,669.0,50,27.09,2022-12-03,0
CUST00007,,567792.49,103513.77,Business,666.0,48,25.91,2019-04-05,0
CUST00008,28.0,1005931.05,75782.17,Business,730.0,43,7.74,2020-06-24,0
CUST00009,42.0,528012.5,130316.33,Car,696.0,49,23.62,2024-07-12,1
CUST00010,47.0,610477.27,221813.19,Car,685.0,53,13.07,2018-03-02,0
CUST00011,33.0,633894.37,145614.28,Education,709.0,47,22.65,2018-08-29,1
CUST00012,33.0,248573.12,149062.38,Business,504.0,50,15.43,2016-07-27,0
CUST00013,38.0,273302.35,142022.12,Business,507.0,53,34.01,2017-07-05,1
CUST00014,44.0,257313.86,43124.84,Business,644.0,51,24.24,2015-06-07,0
CUST00015,38.0,227277.52,58356.66,Business,634.0,49,12.87,2024-05-17,1
CUST00016,49.0,658506.68,87291.43,Other,696.0,52,35.01,2024-10-18,0
CUST00017,33.0,511460.2,63862.11,Home,652.0,60,43.83,2019-11-05,0
CUST00018,23.0,460352.62,52118.63,Other,697.0,55,33.19,2021-10-27,1
CUST00019,60.0,121011.61,32102.67,Home,550.0,55,4.16,2017-11-10,0
CUST00020,31.0,,44006.05,Education,649.0,39,18.41,2015-07-12,0
CUST00021,32.0,282904.31,84633.43,Home,543.0,50,15.54,2020-12-04,1
CUST00022,37.0,1234166.47,94688.15,Education,681.0,57,8.85,2016-10-27,1
CUST00023,39.0,,61338.79,Car,500.0,54,68.55,2024-10-01,1
CUST00024,34.0,294725.42,103502.92,Home,678.0,43,21.62,2018-03-19,1
CUST00025,38.0,,76092.11,Education,532.0,39,13.09,2023-06-24,0
CUST00026,38.0,530228.06,189917.33,Business,619.0,52,10.34,2018-01-09,1
CUST00027,40.0,255089.97,89592.29,Home,722.0,38,61.35,2016-06-14,0
CUST00028,18.0,258719.55,149911.22,Business,668.0,47,50.55,2021-04-21,1
CUST00029,59.0,,111516.55,Home,518.0,52,20.58,2017-02-08,1
CUST00030,36.0,652572.51,42563.71,Home,596.0,53,45.95,2019-08-04,0
CUST00031,44.0,631423.34,93489.56,Home,530.0,50,51.94,2018-05-16,1
CUST00032,23.0,1094728.5,47033.98,Education,514.0,46,118.54,2025-02-20,1
CUST00033,33.0,313999.51,92515.13,Business,659.0,43,19.81,2020-10-12,0
CUST00034,31.0,493564.92,63128.11,Education,695.0,40,11.14,2023-04-09,1
CUST00035,54.0,232194.9,124141.56,Business,685.0,40,4.25,2021-10-07,0
CUST00036,32.0,374175.6,44116.42,Education,698.0,46,22.83,2025-06-20,1
CUST00037,46.0,,99590.4,Business,649.0,49,53.28,2020-01-20,1
CUST00038,31.0,558061.79,139169.7,Other,628.0,55,90.6,2024-12-01,0
CUST00039,33.0,735650.85,170170.7,Car,564.0,51,29.94,2025-04-28,0
CUST00040,35.0,726165.58,62411.16,Home,615.0,42,14.81,2025-08-03,1
CUST00041,52.0,290277.85,99772.77,Home,544.0,42,28.43,2022-12-30,1
CUST00042,18.0,728857.82,110248.06,Education,582.0,49,29.66,2026-04-07,1
CUST00043,24.0,432768.16,249765.0,Education,657.0,49,23.18,2023-07-25,0
CUST00044,18.0,376134.3,40586.95,Home,641.0,46,52.5,2018-08-01,1
CUST00045,26.0,310439.48,57144.5,Business,895.0,45,69.15,2016-10-21,0
CUST00046,29.0,334379.58,531085.07,Other,542.0,50,10.51,2017-05-30,0
CUST00047,20.0,1057223.75,83796.09,Home,640.0,43,37.95,2021-08-05,0
CUST00048,30.0,515919.17,31742.24,Home,536.0,39,23.94,2016-11-24,1
CUST00049,18.0,482774.97,69596.52,Home,619.0,47,30.75,2017-09-24,1
CUST00050,27.0,388044.99,18744.88,Car,622.0,56,25.39,2022-03-21,1
CUST00051,,1503023.5,114068.27,Business,718.0,53,30.49,2018-10-28,1
CUST00052,42.0,849586.67,160471.37,Education,614.0,46,10.35,2022-10-29,1
CUST00053,40.0,308497.48,57125.31,Home,635.0,52,39.82,2026-06-18,1
CUST00054,27.0,385845.56,74426.37,Car,616.0,44,23.66,2016-01-04,1
CUST00055,21.0,397471.19,171818.25,Home,538.0,41,17.71,2022-05-15,1
CUST00056,25.0,475887.13,34539.91,Car,598.0,43,2.67,2024-06-08,0
CUST00057,38.0,311572.4,44669.99,Car,619.0,45,43.94,2016-08-11,0
CUST00058,48.0,5888510.88,86088.48,Education,,36,20.63,2024-01-01,1
CUST00059,48.0,914418.91,62855.84,Education,695.0,37,67.43,2020-10-30,1
CUST00060,45.0,229391.62,82758.32,Business,631.0,50,6.76,2022-03-23,0
CUST00061,30.0,251683.25,46246.9,Home,630.0,44,10.5,2015-08-05,0
CUST00062,38.0,347465.52,112261.71,Business,512.0,48,19.43,2020-01-03,1
CUST00063,34.0,355614.38,90260.95,Home,693.0,49,10.69,2019-03-21,0
CUST00064,36.0,1201682.17,137243.82,Car,594.0,45,81.76,2016-10-07,1
CUST00065,60.0,730040.0,111328.4,Business,710.0,44,75.48,2023-10-08,0
CUST00066,19.0,709390.32,111749.39,Business,755.0,40,25.33,2020-10-23,0
CUST00067,35.0,,41448.86,Home,635.0,44,33.35,2025-02-02,1
CUST00068,51.0,383403.52,132661.35,Car,568.0,45,36.49,2016-10-30,1
CUST00069,22.0,214089.04,80941.35,Business,649.0,42,17.69,2023-05-26,0
CUST00070,31.0,654004.89,89325.39,Other,678.0,49,10.67,2021-12-14,1
CUST00071,32.0,565534.91,185156.86,Education,625.0,45,130.0,2022-06-26,1
CUST00072,36.0,,64108.91,Home,605.0,45,29.79,2018-07-25,0
CUST00073,20.0,398150.42,222061.71,Car,,58,20.84,2022-12-10,1
CUST00074,45.0,412136.72,234845.98,Home,690.0,51,26.81,2017-11-04,0
CUST00075,45.0,481673.98,155076.01,Home,622.0,57,29.55,2023-10-05,1
CUST00076,44.0,691037.1,54809.98,Education,518.0,34,88.17,2020-01-26,1
CUST00077,28.0,212116.77,26588.23,Business,687.0,53,37.73,2020-07-06,1
CUST00078,39.0,639235.41,188584.4,Home,589.0,51,18.64,2021-09-03,1
CUST00079,28.0,437902.79,105538.49,Business,667.0,43,47.77,2015-12-20,1
CUST00080,34.0,260584.21,564508.32,Business,662.0,45,34.03,2019-03-23,1
CUST00081,62.0,156013.39,199613.33,Business,499.0,43,13.08,2017-05-03,1
CUST00082,39.0,413231.46,58868.69,Home,656.0,53,12.94,2026-01-28,1
CUST00083,25.0,912420.73,76535.26,Car,691.0,49,10.81,2019-11-06,0
CUST00084,40.0,1022071.83,135257.31,Home,701.0,44,13.92,2015-01-25,0
CUST00085,23.0,528441.88,50606.65,Home,659.0,43,13.59,2015-04-20,0
CUST00086,25.0,1179973.85,92439.67,Car,492.0,42,33.68,2025-06-29,1
CUST00087,27.0,433015.78,189753.72,Car,752.0,55,9.22,2016-10-20,1
CUST00088,33.0,712583.07,112046.19,Home,683.0,53,8.75,2015-01-03,1
CUST00089,48.0,,208658.83,Home,554.0,50,44.68,2017-06-09,0
CUST00090,44.0,342046.02,194884.32,Other,587.0,40,30.64,2017-06-28,0
CUST00091,44.0,315289.15,99175.17,Business,668.0,45,22.07,2015-12-02,0
CUST00092,26.0,157902.89,24293.28,Car,,48,37.98,2026-06-14,1
CUST00093,32.0,842009.12,50844.98,Other,611.0,46,21.14,2015-09-06,0
CUST00094,41.0,320995.95,1554533.7,Home,200.0,42,13.72,2023-05-15,1
CUST00095,31.0,296345.3,38942.8,Car,507.0,48,46.79,2024-08-14,1
CUST00096,35.0,245245.29,81144.31,Business,567.0,40,47.57,2022-05-29,1
CUST00097,43.0,399440.57,120944.66,Car,485.0,56,20.33,2016-07-09,1
CUST00098,34.0,1068478.42,1761156.22,Home,578.0,43,32.82,2023-05-07,1
CUST00099,40.0,1260336.65,69911.69,Car,771.0,50,3.19,2018-10-16,0
CUST00100,56.0,192830.45,67097.86,Education,815.0,45,30.48,2019-09-11,0
CUST00101,36.0,370561.98,95657.8,Education,669.0,53,68.08,2017-11-21,1
CUST00102,51.0,263766.92,121850.21,Car,599.0,35,20.47,2024-01-06,0
CUST00103,44.0,725175.43,89989.83,Car,632.0,46,69.21,2021-08-31,0
CUST00104,22.0,,185268.43,Home,688.0,46,47.68,2016-10-12,1
CUST00105,26.0,321809.6,61115.07,Education,525.0,53,15.79,2019-09-07,1
CUST00106,29.0,458761.86,106095.67,Home,604.0,47,24.19,2024-02-15,1
CUST00107,29.0,348464.17,128943.25,Business,765.0,39,19.15,2025-10-11,0
CUST00108,37.0,991647.57,77641.73,Business,566.0,46,2.9,2025-10-19,1
CUST00109,45.0,581566.01,163378.68,Car,,44,16.41,2016-07-20,1
CUST00110,52.0,618412.95,107944.78,Business,651.0,45,16.6,2024-11-09,0
CUST00111,,116604.28,158467.92,Home,673.0,46,13.67,2021-07-05,1
CUST00112,33.0,427883.25,110908.68,Car,600.0,57,16.01,2023-07-03,0
CUST00113,18.0,1253694.66,123728.23,Car,656.0,41,19.46,2019-06-08,1
CUST00114,,858605.24,67546.06,Car,699.0,50,34.02,2022-06-27,0
CUST00115,38.0,175686.28,67611.74,Business,807.0,49,14.63,2017-12-19,0
CUST00116,40.0,2671895.83,205795.43,Other,640.0,55,58.59,2020-12-27,1
CUST00117,61.0,242617.22,144539.23,Car,647.0,38,10.7,2017-08-05,1
CUST00118,52.0,1040852.64,53434.98,Car,772.0,58,51.91,2019-07-18,1
CUST00119,47.0,499887.89,647902.42,Education,606.0,46,30.17,2019-09-09,1
CUST00120,27.0,301372.47,23759.42,Home,544.0,54,8.13,2024-12-13,1
CUST00121,32.0,450034.25,69956.99,Home,670.0,54,19.06,2022-03-22,1
CUST00122,37.0,120128.49,175714.64,Other,736.0,30,70.98,2022-06-11,0
CUST00123,29.0,257176.87,609338.66,Business,679.0,51,10.88,2018-04-06,1
CUST00124,44.0,450548.89,105952.65,Other,642.0,34,72.33,2019-12-31,1
CUST00125,42.0,675249.6,16158.01,Home,534.0,41,34.72,2020-06-07,1
CUST00126,26.0,,78014.33,Home,645.0,54,30.55,2024-01-08,1
CUST00127,51.0,365646.52,120929.54,Car,749.0,50,33.27,2017-02-17,0
CUST00128,39.0,732957.41,130505.93,Other,551.0,44,18.67,2015-08-16,0
CUST00129,19.0,214116.03,1602930.53,Home,630.0,51,11.32,2020-10-21,1
CUST00130,37.0,496129.08,87015.83,Home,619.0,57,25.03,2024-05-06,1
CUST00131,41.0,457250.77,89375.91,Home,594.0,51,31.38,2023-06-07,1
CUST00132,49.0,1042560.39,44388.23,Business,670.0,38,35.88,2024-04-26,0
CUST00133,34.0,394325.47,87315.83,Business,685.0,59,34.87,2019-07-10,0
CUST00134,47.0,406037.05,46307.3,Business,685.0,48,41.46,2017-08-17,0
CUST00135,40.0,678391.53,32574.27,Home,572.0,31,91.2,2022-08-02,1
CUST00136,24.0,227937.25,51477.1,Business,518.0,52,29.44,2015-06-08,1
CUST00137,22.0,396154.04,244070.15,Car,671.0,41,56.53,2025-04-17,0
CUST00138,50.0,352264.47,83923.7,Home,610.0,47,36.83,2023-03-16,0
CUST00139,51.0,412728.01,112637.1,Home,797.0,50,97.65,2020-10-16,0
CUST00140,42.0,676172.31,72540.64,Education,801.0,49,26.36,2017-04-19,0
CUST00141,54.0,583663.99,33714.03,Car,809.0,43,24.21,2017-11-16,1
CUST00142,50.0,304266.38,173107.47,Other,575.0,46,54.12,2026-06-13,1
CUST00143,46.0,473709.53,26814.05,Car,696.0,38,54.17,2015-03-03,0
CUST00144,28.0,932123.7,70765.32,Car,720.0,49,19.93,2015-02-08,0
CUST00145,57.0,291943.96,95533.39,Business,711.0,52,35.88,2018-12-29,0
CUST00146,44.0,475719.37,113356.59,Business,622.0,48,41.76,2017-08-22,1
CUST00147,34.0,,63838.92,Home,752.0,56,40.12,2022-10-11,0
CUST00148,31.0,428693.5,32768.5,Education,650.0,43,33.31,2015-06-26,1
CUST00149,41.0,195765.19,61043.62,Home,,49,4.54,2024-01-11,1
CUST00150,20.0,895718.46,62990.88,Car,527.0,48,40.53,2023-12-30,1
CUST00151,46.0,300386.14,62077.81,Business,702.0,44,41.86,2017-08-21,1
CUST00152,28.0,738987.28,176669.34,Education,629.0,50,34.29,2021-08-26,1
CUST00153,42.0,324263.49,47659.55,Car,687.0,46,18.21,2022-09-20,0
CUST00154,32.0,323594.89,118253.7,Home,669.0,46,66.27,2024-10-01,1
CUST00155,35.0,,108551.31,Education,,42,11.13,2023-06-03,1
CUST00156,30.0,727189.44,175654.28,Car,646.0,54,54.84,2026-01-24,1
CUST00157,36.0,491065.57,91137.16,Other,713.0,47,11.0,2016-05-01,1
CUST00158,59.0,647306.56,158685.35,Education,,43,50.29,2022-01-05,1
CUST00159,53.0,382974.47,89024.59,Business,534.0,36,11.46,2023-11-19,0
CUST00160,42.0,440566.28,128108.84,Car,696.0,34,48.29,2017-08-30,0
CUST00161,38.0,317803.26,40064.08,Business,585.0,61,76.29,2017-07-05,1
CUST00162,47.0,695253.96,20272.76,Home,544.0,47,76.49,2016-01-24,1
CUST00163,50.0,312791.88,123813.06,Home,568.0,57,65.5,2026-05-01,0
CUST00164,29.0,929663.69,127862.39,Home,673.0,43,26.24,2024-12-15,0
CUST00165,37.0,377785.9,131308.05,Home,642.0,26,15.79,2016-05-22,1
CUST00166,18.0,446973.36,72044.59,Other,479.0,52,23.14,2017-10-25,1
CUST00167,50.0,646522.97,241308.95,Business,619.0,61,52.04,2020-04-07,1
CUST00168,61.0,447723.98,74912.3,Education,744.0,47,40.08,2025-04-08,1
CUST00169,39.0,381187.19,127074.32,Education,614.0,47,103.5,2024-06-28,1
CUST00170,18.0,435821.61,141037.59,Education,637.0,46,17.12,2025-02-04,1
CUST00171,45.0,691701.08,276853.59,Education,733.0,53,79.79,2024-07-09,1
CUST00172,28.0,317608.22,81616.13,Business,714.0,44,24.58,2022-03-20,0
CUST00173,31.0,415351.94,66708.27,Education,732.0,41,10.96,2018-05-06,1
CUST00174,45.0,5086104.75,40179.52,Business,428.0,64,32.5,2021-12-10,0
CUST00175,41.0,681664.31,250551.61,Home,789.0,39,39.36,2020-09-05,0
CUST00176,33.0,420869.17,127114.88,Other,,33,61.46,2025-12-05,0
CUST00177,31.0,1092686.11,129551.88,Home,847.0,32,17.06,2020-02-26,0
CUST00178,39.0,409106.47,640511.62,Car,587.0,44,32.49,2023-09-09,1
CUST00179,33.0,392840.2,119973.58,Business,509.0,42,26.59,2016-12-29,1
CUST00180,,406152.48,45188.92,Home,651.0,47,19.87,2022-11-08,1
CUST00181,,229046.26,87768.49,Home,628.0,44,74.4,2020-03-20,1
CUST00182,42.0,263454.66,55002.32,Car,702.0,42,39.76,2020-01-04,0
CUST00183,36.0,339309.03,77845.31,Car,950.0,46,2.54,2023-09-04,0
CUST00184,22.0,4864000.33,77532.02,Other,643.0,58,32.88,2020-07-24,1
CUST00185,,,69409.94,Business,631.0,36,5.78,2015-09-05,1
CUST00186,18.0,347207.51,42788.75,Car,692.0,37,30.52,2019-06-21,0
CUST00187,33.0,816896.25,256658.32,Other,629.0,40,6.88,2026-01-26,1
CUST00188,31.0,960864.39,118102.58,Education,623.0,48,39.9,2025-11-16,0
CUST00189,40.0,828764.43,86225.12,Business,733.0,57,5.69,2022-01-23,0
CUST00190,44.0,288789.98,155528.25,Home,751.0,37,11.53,2022-05-02,0
CUST00191,50.0,345371.42,130959.1,Car,737.0,40,46.41,2018-01-08,0
CUST00192,30.0,1095660.61,116472.96,Home,637.0,55,26.24,2023-12-20,0
CUST00193,44.0,499104.04,148895.33,Home,479.0,46,7.55,2021-11-21,1
CUST00194,40.0,387002.51,106976.11,Business,638.0,49,71.29,2015-06-06,1
CUST00195,19.0,633600.55,147581.06,Home,589.0,30,18.93,2025-11-29,1
CUST00196,59.0,732083.26,155106.52,Education,640.0,46,21.57,2024-10-18,0
CUST00197,22.0,332460.13,108839.68,Business,596.0,42,23.14,2015-12-09,0
CUST00198,43.0,493718.1,86488.2,Home,648.0,49,42.24,2019-10-20,1
CUST00199,42.0,703118.02,247270.63,Car,567.0,44,20.13,2023-07-15,0
CUST00200,41.0,247670.97,74106.54,Business,548.0,50,23.86,2023-06-22,1
CUST00201,33.0,445152.74,124840.0,Business,748.0,48,57.44,2016-12-03,0
CUST00202,47.0,253420.43,126543.96,Home,572.0,38,52.64,2015-06-18,1
CUST00203,21.0,270549.34,68477.83,Other,650.0,36,22.73,2026-04-26,0
CUST00204,37.0,333850.97,60797.66,Business,726.0,55,23.35,2025-04-10,0
CUST00205,32.0,561608.22,79832.73,Business,723.0,57,1.41,2023-06-27,0
CUST00206,31.0,376618.75,73472.75,Car,714.0,41,30.12,2022-08-02,0
CUST00207,43.0,319908.71,41155.86,Business,674.0,43,47.64,2022-11-21,0
CUST00208,50.0,453965.86,66776.26,Business,708.0,42,19.28,2020-04-04,1
CUST00209,,249326.52,115813.2,Car,760.0,34,64.27,2022-11-13,0
CUST00210,47.0,548203.37,210990.03,Other,684.0,34,5.01,2018-06-28,0
CUST00211,39.0,778943.18,137672.75,Other,503.0,53,12.26,2015-12-18,1
CUST00212,28.0,425235.32,20749.54,Car,608.0,43,60.87,2018-07-29,1
CUST00213,35.0,399782.33,145042.52,Business,706.0,57,46.34,2018-05-18,1
CUST00214,35.0,533236.42,70622.84,Education,600.0,43,4.67,2018-06-27,1
CUST00215,30.0,160454.44,129553.35,Business,,39,5.75,2020-05-31,1
CUST00216,43.0,,650146.58,Business,645.0,35,40.34,2016-07-04,0
CUST00217,,2086383.83,87938.01,Home,657.0,43,34.57,2019-09-08,1
CUST00218,21.0,416092.09,92842.39,Home,740.0,42,21.28,2020-05-01,1
CUST00219,20.0,416831.56,97396.49,Car,635.0,37,62.78,2017-02-28,1
CUST00220,43.0,641653.36,221160.28,Other,664.0,42,15.09,2020-03-18,1
CUST00221,29.0,1007181.44,97558.15,Car,722.0,39,2.73,2022-10-01,0
CUST00222,41.0,,189344.18,Business,532.0,36,42.23,2019-09-26,1
CUST00223,47.0,150571.99,173501.85,Car,627.0,47,49.0,2015-01-11,1
CUST00224,24.0,586365.98,147300.11,Home,716.0,49,15.85,2023-01-30,1
CUST00225,22.0,1600721.58,33793.67,Other,655.0,47,9.32,2021-08-25,1
CUST00226,56.0,603934.2,192910.11,Education,767.0,33,2.91,2019-10-29,0
CUST00227,42.0,248376.01,75001.19,Car,524.0,50,25.86,2015-04-06,0
CUST00228,33.0,509362.29,151666.05,Home,515.0,40,33.33,2016-01-09,1
CUST00229,28.0,233201.08,55076.6,Home,712.0,46,51.49,2015-11-30,0
CUST00230,32.0,819460.8,48482.37,Home,719.0,48,34.83,2024-10-16,0
CUST00231,25.0,274322.23,323137.51,Car,635.0,48,16.93,2018-07-20,0
CUST00232,48.0,459145.22,55592.87,Education,682.0,51,30.12,2019-11-20,0
CUST00233,,288113.56,196351.95,Car,710.0,36,53.29,2022-12-31,1
CUST00234,50.0,336642.22,105984.93,Home,585.0,41,33.01,2022-07-13,1
CUST00235,,930125.98,76720.79,Home,593.0,41,48.08,2015-09-28,1
CUST00236,27.0,465901.06,96095.97,Car,665.0,37,9.76,2025-09-08,1
CUST00237,33.0,334502.21,45222.2,Other,722.0,43,41.09,2018-01-17,1
CUST00238,18.0,249542.87,97904.46,Car,,44,34.87,2023-10-27,1
CUST00239,37.0,173537.55,51552.49,Home,634.0,51,19.97,2024-07-25,0
CUST00240,36.0,236655.24,77865.15,Education,630.0,53,53.97,2021-03-11,1
CUST00241,47.0,467885.84,171987.96,Other,683.0,45,90.44,2016-11-11,0
CUST00242,18.0,722242.97,114980.11,Business,649.0,41,4.49,2021-04-07,1
CUST00243,51.0,334310.09,40566.49,Business,606.0,51,20.77,2017-10-23,0
CUST00244,47.0,970213.86,164537.35,Other,750.0,54,24.45,2024-10-06,0
CUST00245,52.0,309047.35,98296.15,Education,607.0,40,25.88,2023-09-03,0
CUST00246,37.0,392775.76,71302.65,Other,627.0,44,15.4,2024-06-19,1
CUST00247,,257870.2,154508.72,Home,523.0,45,5.52,2024-07-09,1
CUST00248,22.0,726054.87,89292.78,Business,593.0,47,21.64,2017-01-19,1
CUST00249,46.0,1262690.48,49050.38,Business,691.0,51,24.6,2015-05-08,1
CUST00250,30.0,183338.88,299145.64,Other,676.0,47,20.18,2022-03-15,1
CUST00251,20.0,372100.39,97697.14,Car,698.0,48,25.05,2022-01-21,1
CUST00252,26.0,832667.7,94011.17,Business,694.0,46,30.65,2024-12-13,1
CUST00253,38.0,214599.17,77415.08,Home,817.0,47,22.29,2022-05-01,0
CUST00254,29.0,587329.9,200381.72,Education,590.0,34,15.25,2024-03-26,1
CUST00255,42.0,814831.07,72046.92,Car,520.0,41,25.16,2019-01-03,1
CUST00256,18.0,460061.02,39066.17,Education,566.0,38,32.41,2016-06-07,1
CUST00257,18.0,582527.42,65696.01,Business,594.0,39,26.88,2015-06-09,1
CUST00258,53.0,1067095.67,218833.13,Car,572.0,39,94.45,2020-01-04,1
CUST00259,48.0,1171989.48,162637.54,Home,,47,34.11,2015-01-09,1
CUST00260,26.0,428916.01,84710.14,Car,750.0,56,25.98,2020-12-15,1
CUST00261,38.0,339018.88,225021.92,Business,773.0,47,13.41,2019-08-10,0
CUST00262,49.0,279291.12,154626.12,Business,690.0,32,13.69,2017-12-18,1
CUST00263,43.0,721063.2,84123.93,Business,821.0,45,20.22,2021-10-17,0
CUST00264,40.0,222818.37,89362.29,Home,621.0,34,20.72,2022-10-23,1
CUST00265,50.0,4464664.86,120281.56,Business,519.0,41,20.1,2015-06-16,1
CUST00266,30.0,465722.33,59926.12,Business,734.0,43,35.18,2020-06-22,1
CUST00267,38.0,344035.02,98982.96,Home,503.0,47,52.78,2025-10-19,1
CUST00268,38.0,508850.8,118789.47,Car,590.0,37,42.33,2018-06-02,1
CUST00269,35.0,1594796.44,35875.87,Car,692.0,45,38.93,2023-12-23,1
CUST00270,34.0,416316.35,88115.86,Car,642.0,50,12.14,2018-11-15,0
CUST00271,39.0,355861.61,82303.28,Home,635.0,48,58.18,2018-02-14,0
CUST00272,38.0,735029.5,182926.7,Home,,39,13.16,2024-11-05,1
CUST00273,26.0,498715.87,32640.26,Home,649.0,45,31.83,2019-02-05,1
CUST00274,47.0,908606.95,78519.04,Home,,48,37.27,2024-12-15,1
CUST00275,27.0,480385.32,73935.41,Home,652.0,35,59.34,2022-07-11,1
CUST00276,36.0,390736.38,175613.81,Business,584.0,51,83.36,2024-05-03,1
CUST00277,35.0,181341.55,96169.93,Education,550.0,44,19.55,2024-05-13,1
CUST00278,42.0,196837.28,290005.97,Car,585.0,51,29.92,2025-07-03,1
CUST00279,18.0,176689.75,146873.66,Business,681.0,50,55.72,2021-05-18,1
CUST00280,,534811.48,77177.73,Education,677.0,48,88.11,2025-12-11,1
CUST00281,31.0,223882.19,113981.93,Home,586.0,36,21.26,2015-09-08,1
CUST00282,51.0,828845.2,79822.34,Home,473.0,38,12.69,2020-08-26,1
CUST00283,33.0,449154.98,165319.9,Home,250.0,45,7.53,2019-07-23,1
CUST00284,37.0,391564.89,44386.09,Education,578.0,46,4.74,2016-02-10,1
CUST00285,59.0,290126.54,60221.36,Car,705.0,39,14.61,2025-01-14,0
CUST00286,35.0,603879.15,129756.38,Car,590.0,42,48.42,2024-03-12,1
CUST00287,52.0,295892.38,205963.42,Education,571.0,52,50.38,2023-08-09,0
CUST00288,38.0,270306.29,26339.34,Other,662.0,42,34.1,2022-04-13,0
CUST00289,43.0,801447.67,225186.16,Car,839.0,43,20.52,2021-12-01,0
CUST00290,39.0,528242.42,90755.01,Education,710.0,47,35.26,2019-05-17,0
CUST00291,47.0,393381.55,31878.12,Car,661.0,50,27.2,2022-11-08,0
CUST00292,30.0,609696.45,16300.7,Business,679.0,49,21.3,2026-03-19,1
CUST00293,27.0,444393.6,39433.4,Business,510.0,39,32.98,2017-11-20,1
CUST00294,31.0,535794.82,97555.54,Business,560.0,37,19.82,2018-11-22,0
CUST00295,39.0,294070.86,94888.82,Home,449.0,50,32.86,2016-04-03,1
CUST00296,36.0,1245688.95,144339.04,Car,788.0,41,36.68,2025-06-07,0
CUST00297,46.0,331104.73,70990.95,Business,,48,43.19,2021-02-03,1
CUST00298,,963192.11,50775.83,Car,681.0,48,5.76,2021-10-23,1
CUST00299,27.0,402546.37,77045.25,Other,661.0,37,58.72,2018-01-23,0
CUST00300,30.0,662349.44,100726.7,Car,950.0,41,24.58,2015-06-03,0
CUST00301,22.0,638649.93,113375.85,Car,632.0,55,83.98,2024-04-01,1
CUST00302,60.0,784989.7,61482.09,Car,793.0,47,48.65,2024-11-20,0
CUST00303,41.0,,169544.04,Car,661.0,44,13.02,2018-12-02,0
CUST00304,43.0,757529.46,67993.13,Business,605.0,34,39.38,2023-10-05,1
CUST00305,23.0,1113724.01,58581.23,Home,509.0,42,55.86,2021-07-29,1
CUST00306,,388735.14,71293.83,Education,760.0,48,22.13,2022-05-21,0
CUST00307,44.0,450157.6,188132.94,Education,644.0,51,12.18,2016-12-26,0
CUST00308,35.0,340536.19,91155.5,Business,509.0,35,10.44,2022-01-24,1
CUST00309,50.0,372049.38,65074.75,Education,576.0,44,7.31,2016-11-07,0
CUST00310,63.0,,172071.38,Other,548.0,46,3.13,2017-07-07,1
CUST00311,,267769.75,357056.43,Business,639.0,60,24.95,2019-02-06,1
CUST00312,,276216.59,111950.22,Car,667.0,46,10.94,2017-06-19,1
CUST00313,28.0,989990.34,206965.1,Business,610.0,36,15.87,2025-06-13,1
CUST00314,56.0,604570.89,183807.96,Other,712.0,58,85.29,2015-05-03,0
CUST00315,49.0,1277205.6,68639.0,Home,656.0,43,36.8,2025-05-23,0
CUST00316,37.0,353196.8,100305.97,Education,735.0,39,12.68,2016-10-09,1
CUST00317,,471248.37,45728.33,Home,621.0,56,111.59,2025-01-01,1
CUST00318,29.0,317953.85,87293.79,Education,894.0,50,32.67,2018-11-13,0
CUST00319,48.0,475275.82,67797.85,Home,605.0,51,105.25,2025-08-02,0
CUST00320,34.0,182216.65,620247.07,Business,578.0,38,72.14,2021-03-19,0
CUST00321,35.0,623109.33,62947.92,Car,568.0,44,33.5,2020-08-17,1
CUST00322,45.0,520079.54,83095.17,Education,633.0,47,24.8,2016-07-03,0
CUST00323,36.0,429863.36,135854.48,Home,512.0,38,47.97,2019-12-25,0
CUST00324,35.0,363966.77,91886.08,Business,674.0,42,31.45,2021-05-29,0
CUST00325,38.0,282836.14,32253.31,Car,498.0,46,18.52,2026-04-21,1
CUST00326,47.0,636574.32,63090.64,Education,663.0,38,17.6,2018-01-10,1
CUST00327,56.0,246336.81,39670.39,Car,542.0,56,53.32,2015-12-14,0
CUST00328,44.0,571458.96,114283.35,Home,619.0,48,12.65,2017-12-02,0
CUST00329,47.0,1248215.76,133517.85,Car,698.0,46,52.81,2017-10-17,0
CUST00330,36.0,929833.43,115142.86,Other,834.0,54,27.75,2025-11-23,1
CUST00331,30.0,208446.15,61547.06,Home,564.0,50,6.02,2016-09-22,0
CUST00332,,338280.59,114475.07,Business,,37,55.72,2026-05-28,1
CUST00333,,546191.74,74453.6,Home,592.0,46,12.95,2016-04-19,0
CUST00334,22.0,427136.55,49864.51,Business,580.0,60,14.52,2024-04-29,0
CUST00335,34.0,219761.28,154069.33,Home,593.0,50,22.95,2019-10-07,0
CUST00336,37.0,,161267.0,Car,716.0,36,25.88,2015-08-17,1
CUST00337,,440203.13,174440.2,Car,611.0,48,33.66,2022-01-20,1
CUST00338,54.0,1152175.79,68527.53,Home,830.0,50,53.77,2023-05-17,1
CUST00339,43.0,389798.67,200309.19,Car,,42,52.55,2024-08-21,1
CUST00340,53.0,793335.66,73412.58,Car,569.0,47,17.16,2017-01-19,0
CUST00341,41.0,234792.12,146107.92,Education,621.0,51,17.63,2022-02-04,0
CUST00342,39.0,264605.51,72653.18,Other,586.0,58,49.86,2021-07-17,0
CUST00343,28.0,634651.29,86302.23,Car,714.0,42,11.01,2020-02-01,1
CUST00344,38.0,760601.91,23093.2,Other,519.0,38,27.74,2025-04-09,0
CUST00345,38.0,274115.17,82359.75,Car,543.0,42,68.62,2019-11-12,1
CUST00346,23.0,447771.66,104261.14,Home,603.0,57,19.32,2019-05-16,1
CUST00347,32.0,221728.83,77185.76,Home,705.0,40,7.19,2021-01-14,0
CUST00348,34.0,404088.86,283144.55,Car,749.0,42,12.95,2025-09-04,1
CUST00349,43.0,672300.97,49144.51,Car,760.0,46,13.69,2024-12-20,0
CUST00350,43.0,355941.17,70393.15,Business,692.0,39,12.02,2023-02-21,0
CUST00351,32.0,390616.93,57358.51,Business,643.0,33,22.11,2015-12-06,1
CUST00352,43.0,251475.87,70384.88,Education,714.0,38,103.89,2018-06-17,1
CUST00353,36.0,319918.26,183294.21,Car,,40,38.64,2015-03-05,1
CUST00354,18.0,1065607.33,239622.27,Car,502.0,44,23.8,2016-02-03,0
CUST00355,33.0,458842.57,64830.05,Education,685.0,52,25.4,2024-07-23,0
CUST00356,50.0,268027.84,63971.66,Home,570.0,51,15.28,2024-05-15,1
CUST00357,20.0,377986.6,49302.14,Home,645.0,56,25.33,2016-03-06,1
CUST00358,,199045.0,216159.37,Car,660.0,46,66.6,2020-04-06,1
CUST00359,55.0,266444.21,193416.78,Home,670.0,46,28.45,2018-03-18,1
CUST00360,30.0,873418.3,92633.94,Business,725.0,35,52.32,2015-11-02,0
CUST00361,38.0,411991.83,42716.5,Home,,45,47.63,2019-05-21,0
CUST00362,24.0,1138662.73,45071.37,Home,666.0,51,100.77,2016-03-08,1
CUST00363,56.0,421816.68,109357.51,Other,615.0,43,47.03,2023-06-17,1
CUST00364,37.0,434525.82,137255.96,Other,659.0,45,96.23,2026-02-11,1
CUST00365,39.0,609532.21,28575.73,Car,602.0,52,55.03,2019-11-09,1
CUST00366,53.0,116274.17,81406.8,Car,634.0,31,33.68,2017-10-17,1
CUST00367,45.0,490151.43,260661.4,Business,859.0,40,14.18,2020-09-28,0
CUST00368,28.0,431708.88,86638.06,Home,665.0,47,52.11,2026-02-09,0
CUST00369,31.0,930074.01,241296.77,Car,686.0,45,55.18,2016-11-01,1
CUST00370,43.0,,145717.88,Home,,46,56.19,2022-10-30,1
CUST00371,31.0,250986.43,51504.9,Car,732.0,57,1.2,2016-01-27,0
CUST00372,18.0,823294.55,82817.71,Other,,54,18.92,2018-06-15,1
CUST00373,,388031.86,91380.14,Business,,35,38.29,2020-01-19,1
CUST00374,22.0,281467.82,55742.22,Other,667.0,45,20.09,2019-05-30,0
CUST00375,56.0,488234.76,55164.74,Business,733.0,43,17.52,2017-01-19,0
CUST00376,40.0,399758.27,243789.68,Education,752.0,45,15.22,2023-12-07,1
CUST00377,28.0,954776.59,54917.3,Business,673.0,53,6.21,2022-09-26,1
CUST00378,,524557.86,188539.28,Business,641.0,44,36.83,2020-01-02,1
CUST00379,18.0,490327.82,75971.18,Car,722.0,43,16.53,2019-10-24,0
CUST00380,26.0,694066.84,97208.79,Home,578.0,54,19.35,2015-11-10,0
CUST00381,49.0,764086.14,138289.78,Education,593.0,55,23.8,2022-08-04,1
CUST00382,63.0,654614.99,68931.24,Home,646.0,47,41.19,2017-08-22,0
CUST00383,46.0,899623.6,138793.51,Car,511.0,45,33.02,2018-06-17,1
CUST00384,37.0,599793.8,28915.76,Home,716.0,32,31.9,2024-11-20,1
CUST00385,33.0,481097.74,128518.02,Education,573.0,42,2.54,2022-05-19,1
CUST00386,27.0,822074.28,22446.32,Home,612.0,27,53.02,2023-01-01,1
CUST00387,61.0,422756.62,86154.03,Home,633.0,39,80.6,2018-01-16,0
CUST00388,36.0,,164809.54,Car,653.0,40,31.26,2020-10-04,0
CUST00389,61.0,1046318.59,143397.7,Home,623.0,47,10.65,2015-02-27,0
CUST00390,53.0,995461.83,45295.08,Other,645.0,49,17.9,2017-10-27,0
CUST00391,19.0,440608.54,48932.71,Car,645.0,53,11.1,2024-03-12,0
CUST00392,31.0,352647.49,65303.23,Car,614.0,47,74.35,2020-06-15,1
CUST00393,31.0,919501.31,110385.0,Home,588.0,39,19.26,2022-04-19,1
CUST00394,37.0,660141.3,29168.37,Business,737.0,39,32.33,2024-01-25,0
CUST00395,37.0,518031.14,97935.64,Education,482.0,41,23.06,2025-10-08,1
CUST00396,71.0,376646.98,118997.48,Car,634.0,37,39.85,2015-12-09,0
CUST00397,26.0,522222.12,83297.82,Home,612.0,44,13.38,2021-09-05,1
CUST00398,41.0,437637.3,135292.26,Business,684.0,46,31.4,2026-06-08,0
CUST00399,45.0,317372.33,112897.37,Other,534.0,46,19.41,2017-04-19,1
CUST00400,38.0,471899.43,71325.38,Car,610.0,54,57.89,2024-11-18,1
CUST00401,39.0,505201.19,30893.05,Home,642.0,43,2.89,2021-09-01,0
CUST00402,27.0,366701.14,106942.64,Home,736.0,57,21.17,2018-08-27,0
CUST00403,39.0,695170.8,55723.36,Home,677.0,35,54.15,2024-01-02,1
CUST00404,44.0,842742.05,69772.44,Business,555.0,34,49.88,2025-01-02,0
CUST00405,42.0,718520.02,131593.71,Other,,51,6.7,2016-08-21,1
CUST00406,,385337.87,231052.45,Other,721.0,46,46.15,2022-11-01,0
CUST00407,54.0,645584.09,96487.03,Business,554.0,53,12.31,2025-10-06,0
CUST00408,48.0,459999.51,137645.79,Home,644.0,38,15.69,2022-08-29,1
CUST00409,39.0,238500.58,41494.34,Other,649.0,43,52.13,2021-04-16,1
CUST00410,25.0,619312.14,114383.73,Car,619.0,32,20.82,2016-08-09,1
CUST00411,31.0,475948.92,95230.58,Car,866.0,52,6.24,2020-03-05,0
CUST00412,36.0,1618117.51,206392.82,Business,617.0,34,9.69,2025-05-30,1
CUST00413,41.0,916791.57,71376.57,Home,,42,27.99,2024-03-08,1
CUST00414,33.0,631324.38,85392.83,Business,589.0,48,20.28,2020-03-05,0
CUST00415,,501112.17,186332.63,Other,692.0,43,19.98,2018-07-20,1
CUST00416,25.0,480153.5,93412.43,Business,900.0,40,39.35,2024-03-25,0
CUST00417,20.0,267842.74,50751.43,Business,603.0,47,34.41,2026-02-14,0
CUST00418,35.0,185443.66,456333.86,Car,,51,21.45,2018-06-11,0
CUST00419,,285992.38,51680.94,Home,578.0,52,50.47,2024-04-26,1
CUST00420,27.0,431982.99,94957.05,Business,558.0,44,39.59,2018-07-16,0
CUST00421,34.0,154388.95,121541.72,Education,733.0,43,32.93,2024-07-05,0
CUST00422,23.0,3179458.21,115910.14,Other,606.0,35,17.78,2026-02-01,0
CUST00423,42.0,390894.7,88093.48,Home,457.0,44,56.02,2022-08-16,1
CUST00424,46.0,397236.35,88357.27,Car,791.0,44,19.79,2020-09-15,0
CUST00425,32.0,317787.5,85737.1,Car,586.0,41,21.25,2018-08-11,0
CUST00426,33.0,372966.21,50535.92,Business,630.0,52,75.47,2015-09-09,1
CUST00427,44.0,1047531.41,358660.5,Business,781.0,55,12.91,2015-08-09,0
CUST00428,30.0,616043.37,86509.15,Other,639.0,45,12.75,2024-08-09,1
CUST00429,29.0,334318.57,141231.91,Home,637.0,51,21.91,2022-08-08,1
CUST00430,51.0,,80757.68,Car,552.0,46,10.57,2017-08-11,1
CUST00431,48.0,436194.42,79789.07,Home,519.0,48,10.82,2021-05-06,0
CUST00432,45.0,,75111.86,Home,637.0,51,74.02,2025-02-06,1
CUST00433,48.0,,38952.28,Car,679.0,52,21.63,2022-06-12,1
CUST00434,18.0,733264.68,89646.31,Education,674.0,50,33.73,2025-07-14,1
CUST00435,53.0,358651.99,77326.76,Car,611.0,44,7.36,2016-05-08,0
CUST00436,42.0,255928.1,199369.41,Car,652.0,50,11.95,2015-11-02,0
CUST00437,49.0,432972.64,48145.35,Education,503.0,38,80.89,2022-08-30,1
CUST00438,42.0,469303.46,69822.51,Business,687.0,54,10.66,2021-09-11,1
CUST00439,39.0,164991.28,57580.3,Home,663.0,39,34.5,2022-11-29,0
CUST00440,35.0,433491.22,234572.09,Car,808.0,46,1.05,2026-04-13,0
CUST00441,42.0,682822.33,58592.09,Business,651.0,51,6.82,2016-04-02,1
CUST00442,35.0,4929959.82,138327.58,Business,575.0,50,21.36,2025-09-13,0
CUST00443,48.0,15806205.12,176680.25,Business,646.0,44,49.41,2015-09-13,0
CUST00444,21.0,826995.67,90429.54,Home,624.0,34,26.83,2021-01-13,0
CUST00445,32.0,912977.95,43213.72,Education,685.0,42,22.88,2024-07-24,0
CUST00446,60.0,1794151.86,43543.15,Other,652.0,55,41.87,2022-10-27,0
CUST00447,31.0,646338.17,165356.4,Car,549.0,57,31.07,2017-07-23,1
CUST00448,35.0,479996.99,46334.57,Car,519.0,53,5.07,2021-12-11,1
CUST00449,28.0,719901.84,124893.41,Other,671.0,53,25.52,2025-05-14,1
CUST00450,42.0,334496.53,105726.35,Home,761.0,44,18.09,2017-05-03,0
CUST00451,30.0,466887.29,123782.28,Business,656.0,56,22.22,2025-10-10,1
CUST00452,36.0,320019.17,130999.78,Business,715.0,38,17.67,2022-07-04,0
CUST00453,47.0,539820.67,56375.93,Home,731.0,47,25.78,2015-12-31,0
CUST00454,30.0,,54977.71,Business,671.0,41,35.36,2018-10-30,0
CUST00455,47.0,313807.73,151593.26,Car,585.0,42,8.28,2024-11-28,1
CUST00456,47.0,544017.47,67669.66,Business,666.0,41,14.78,2018-11-19,0
CUST00457,50.0,412975.8,18956.67,Other,747.0,45,40.92,2025-11-18,0
CUST00458,40.0,168761.11,145692.45,Business,692.0,44,44.59,2019-10-30,1
CUST00459,,213677.16,53010.39,Home,710.0,37,67.06,2018-12-09,0
CUST00460,50.0,2318574.51,130650.56,Business,,52,27.24,2024-10-17,1
CUST00461,42.0,284507.26,227679.25,Other,634.0,44,14.06,2024-01-11,0
CUST00462,28.0,544275.95,99713.61,Education,641.0,43,15.0,2017-09-27,0
CUST00463,37.0,493594.41,179415.48,Education,646.0,50,26.59,2023-12-23,1
CUST00464,54.0,753617.09,108258.66,Home,743.0,52,11.91,2017-11-18,1
CUST00465,57.0,644610.1,255878.4,Business,462.0,40,63.99,2025-04-17,1
CUST00466,54.0,756117.06,52194.67,Home,652.0,48,17.57,2015-01-31,0
CUST00467,47.0,599707.97,98230.4,Car,644.0,54,58.01,2022-08-11,0
CUST00468,24.0,491314.46,147841.64,Other,540.0,38,10.56,2016-10-12,1
CUST00469,43.0,766565.84,88058.17,Other,704.0,53,22.29,2022-10-12,0
CUST00470,24.0,700609.81,197073.37,Other,592.0,54,19.73,2026-04-01,1
CUST00471,22.0,533944.77,76174.06,Car,621.0,43,7.15,2022-09-03,1
CUST00472,41.0,835291.41,341677.53,Home,798.0,43,20.96,2019-12-27,0
CUST00473,44.0,136913.67,352680.74,Car,731.0,35,30.98,2024-06-18,0
CUST00474,48.0,382608.83,116919.76,Home,696.0,47,2.62,2017-03-30,1
CUST00475,43.0,379687.86,137524.96,Business,680.0,34,37.73,2021-03-30,0
CUST00476,44.0,787281.73,201794.04,Education,637.0,45,32.94,2026-02-05,1
CUST00477,27.0,970626.97,48420.65,Car,810.0,54,25.32,2019-02-03,0
CUST00478,37.0,214252.46,44927.26,Home,714.0,46,43.2,2015-04-24,1
CUST00479,21.0,895899.56,209787.7,Car,,45,45.29,2020-01-28,0
CUST00480,18.0,246293.06,116354.06,Business,538.0,52,127.7,2020-07-25,1
CUST00481,46.0,250044.05,86171.68,Business,695.0,30,6.79,2024-05-01,0
CUST00482,30.0,393508.19,99376.8,Home,646.0,38,70.39,2024-03-31,0
CUST00483,48.0,377338.06,23585.21,Home,536.0,46,51.13,2018-11-28,1
CUST00484,50.0,202965.51,88050.22,Car,684.0,46,32.93,2023-11-19,0
CUST00485,31.0,612276.33,62829.0,Home,628.0,47,10.74,2016-08-23,0
CUST00486,44.0,621381.94,171243.7,Other,692.0,42,18.6,2017-03-05,0
CUST00487,31.0,749394.48,179336.37,Business,685.0,41,16.52,2021-12-10,0
CUST00488,18.0,356208.79,139526.26,Home,601.0,41,23.37,2023-02-19,1
CUST00489,39.0,433743.51,125150.86,Business,701.0,37,42.02,2024-04-11,0
CUST00490,33.0,435733.64,40198.78,Car,610.0,38,61.64,2022-02-25,1
CUST00491,33.0,1028896.8,140700.09,Home,615.0,41,84.01,2016-06-20,1
CUST00492,60.0,107245.69,144010.11,Education,607.0,39,18.72,2022-10-05,1
CUST00493,21.0,274176.63,208379.37,Home,740.0,46,29.22,2019-12-07,1
CUST00494,42.0,443640.76,351837.92,Car,628.0,49,12.64,2018-01-22,0
CUST00495,27.0,257098.58,35755.65,Business,760.0,52,52.75,2018-11-24,0
CUST00496,,388807.57,78191.32,Other,793.0,48,34.46,2024-04-26,0
CUST00497,41.0,415385.48,404748.21,Car,591.0,50,21.72,2017-01-15,0
CUST00498,42.0,318429.68,109480.78,Education,416.0,44,6.37,2021-06-05,1
CUST00499,28.0,3494195.72,99512.76,Home,734.0,44,29.52,2015-12-15,0
CUST00500,30.0,605660.36,85780.82,Education,623.0,44,31.85,2023-05-02,0
CUST00501,48.0,393118.66,182875.82,Home,581.0,39,4.52,2016-09-21,1
CUST00502,57.0,352710.41,50978.1,Education,603.0,44,8.41,2025-10-19,0
CUST00503,43.0,407223.54,52856.03,Home,617.0,40,28.99,2025-02-19,0
CUST00504,28.0,440771.48,53394.6,Other,754.0,37,79.18,2024-10-31,1
CUST00505,42.0,185320.16,79523.15,Business,663.0,45,56.57,2019-01-03,1
CUST00506,65.0,557254.3,47232.9,Car,753.0,53,22.2,2023-12-29,0
CUST00507,39.0,353097.46,95880.42,Business,690.0,38,19.67,2016-07-18,0
CUST00508,54.0,831317.89,89384.8,Home,625.0,51,14.4,2018-04-30,1
CUST00509,,594530.17,61579.91,Business,619.0,51,13.16,2016-07-10,0
CUST00510,38.0,794154.42,166751.47,Home,695.0,46,20.82,2015-08-16,0
CUST00511,45.0,266864.98,95253.75,Home,716.0,31,95.07,2019-03-21,0
CUST00512,42.0,367436.83,186761.64,Business,730.0,50,19.55,2021-08-09,1
CUST00513,30.0,237701.45,87813.46,Car,629.0,46,25.8,2024-11-29,1
CUST00514,29.0,310955.28,97293.07,Education,664.0,29,8.99,2015-05-25,0
CUST00515,49.0,,70426.9,Education,697.0,42,38.76,2019-09-05,0
CUST00516,51.0,930749.35,98299.29,Home,619.0,53,25.47,2023-03-18,1
CUST00517,55.0,249180.63,151348.25,Home,559.0,47,18.64,2017-04-26,1
CUST00518,58.0,351815.15,77126.29,Education,585.0,41,11.09,2023-06-21,1
CUST00519,39.0,425875.43,134732.58,Education,,48,13.72,2021-07-21,0
CUST00520,35.0,592912.92,60618.28,Home,703.0,36,17.65,2021-06-21,1
CUST00521,53.0,183522.92,155660.14,Car,751.0,50,18.57,2016-06-08,0
CUST00522,46.0,198491.18,69707.03,Education,542.0,45,10.99,2016-12-06,0
CUST00523,27.0,565131.13,164556.28,Business,602.0,38,23.7,2025-01-31,1
CUST00524,27.0,,102394.26,Business,621.0,35,30.04,2025-01-24,0
CUST00525,43.0,353840.42,245873.45,Car,714.0,43,43.72,2020-03-14,1
CUST00526,36.0,479762.23,49392.77,Education,608.0,43,76.28,2021-11-06,1
CUST00527,38.0,544614.23,40712.64,Education,616.0,40,4.39,2021-03-25,0
CUST00528,50.0,412149.3,68204.76,Car,537.0,46,33.39,2020-12-01,1
CUST00529,46.0,368472.6,43011.96,Home,689.0,44,20.3,2023-03-09,0
CUST00530,53.0,674876.8,43060.4,Home,637.0,51,3.08,2021-07-10,1
CUST00531,,510222.9,143333.66,Business,598.0,39,15.29,2016-06-09,1
CUST00532,41.0,320132.96,98468.57,Home,629.0,32,40.58,2015-12-14,0
CUST00533,46.0,450837.14,74027.46,Education,740.0,41,36.92,2024-10-09,1
CUST00534,,535836.58,78262.39,Education,570.0,47,27.98,2023-07-06,0
CUST00535,31.0,1044572.87,68985.9,Car,583.0,58,14.01,2017-04-14,1
CUST00536,29.0,655505.41,265726.14,Business,750.0,37,63.19,2015-09-13,0
CUST00537,38.0,812018.52,63493.74,Business,656.0,35,9.8,2017-07-10,0
CUST00538,56.0,326014.23,44654.92,Home,704.0,47,18.85,2021-08-25,0
CUST00539,60.0,,159154.45,Business,682.0,39,21.64,2021-09-16,1
CUST00540,29.0,393292.94,86729.26,Education,647.0,48,24.06,2016-12-11,0
CUST00541,44.0,411767.31,335462.08,Car,622.0,41,106.89,2017-01-09,0
CUST00542,44.0,267262.75,71989.58,Business,717.0,50,72.1,2017-05-21,0
CUST00543,42.0,833148.2,163994.88,Business,743.0,47,36.09,2020-02-04,1
CUST00544,42.0,688090.62,188965.25,Car,737.0,40,25.61,2017-09-06,1
CUST00545,41.0,379709.24,72200.23,Other,555.0,44,25.39,2020-03-30,1
CUST00546,57.0,609781.1,63211.88,Education,754.0,38,42.69,2015-03-02,0
CUST00547,50.0,494572.77,154017.25,Education,621.0,49,55.19,2025-10-04,1
CUST00548,26.0,634069.59,139376.63,Home,590.0,46,9.58,2025-04-01,0
CUST00549,47.0,225899.71,42346.2,Home,636.0,41,76.76,2018-11-22,1
CUST00550,48.0,411337.56,50158.27,Car,716.0,36,34.82,2024-03-30,1
CUST00551,41.0,,21550.23,Education,693.0,48,16.46,2021-02-25,0
CUST00552,,604296.98,141101.13,Education,630.0,40,23.0,2015-05-12,0
CUST00553,40.0,323120.69,84364.64,Business,950.0,48,36.17,2018-04-10,0
CUST00554,40.0,126757.95,89564.09,Home,,50,37.43,2015-08-28,0
CUST00555,39.0,257596.62,35779.61,Business,604.0,47,11.15,2023-02-20,0
CUST00556,18.0,429113.19,51079.5,Business,593.0,52,24.64,2023-12-31,1
CUST00557,37.0,456773.13,74103.99,Business,683.0,47,29.96,2022-02-03,1
CUST00558,31.0,1026714.09,65946.87,Business,643.0,50,55.77,2015-01-29,0
CUST00559,25.0,592065.9,105947.78,Business,540.0,54,59.88,2017-09-17,1
CUST00560,54.0,460821.08,140095.68,Home,718.0,37,8.56,2020-05-22,0
CUST00561,44.0,3623416.79,385296.15,Business,612.0,49,26.59,2016-08-30,1
CUST00562,38.0,768419.96,97537.26,Other,777.0,38,15.75,2016-03-26,0
CUST00563,32.0,329372.55,192767.79,Education,538.0,41,35.58,2018-07-01,1
CUST00564,41.0,412444.98,59994.99,Home,636.0,45,103.37,2021-10-19,1
CUST00565,49.0,256624.94,36135.54,Other,594.0,38,51.37,2016-01-07,0
CUST00566,29.0,899372.9,79907.02,Home,572.0,42,37.85,2026-06-23,1
CUST00567,38.0,538342.08,37849.27,Car,611.0,41,45.53,2020-04-10,0
CUST00568,48.0,310592.91,99588.69,Home,792.0,32,68.69,2016-12-23,0
CUST00569,18.0,417806.0,61804.26,Car,661.0,47,48.26,2015-03-26,1
CUST00570,37.0,570817.82,30559.69,Car,587.0,38,10.01,2025-12-30,1
CUST00571,33.0,390288.13,279739.78,Car,504.0,52,80.61,2021-11-01,1
CUST00572,37.0,338664.32,71500.73,Other,512.0,59,28.58,2024-12-12,1
CUST00573,32.0,318973.45,36953.97,Car,607.0,39,34.57,2023-12-05,0
CUST00574,40.0,524122.62,169211.23,Education,599.0,58,59.83,2026-05-01,0
CUST00575,59.0,369894.41,63756.82,Business,632.0,51,100.1,2025-03-24,0
CUST00576,34.0,352611.14,189870.9,Business,468.0,50,18.79,2023-10-22,0
CUST00577,41.0,226832.95,63574.22,Home,643.0,50,57.63,2024-10-13,0
CUST00578,60.0,459925.73,71357.76,Home,732.0,55,17.88,2024-11-06,0
CUST00579,32.0,404088.13,121406.42,Education,780.0,35,32.54,2017-12-05,1
CUST00580,58.0,376689.24,140917.74,Business,498.0,36,7.19,2021-11-01,1
CUST00581,38.0,488641.97,156543.66,Education,586.0,52,17.96,2026-05-01,1
CUST00582,58.0,643065.03,93541.02,Home,582.0,39,31.36,2024-12-19,0
CUST00583,46.0,628306.09,135560.06,Business,662.0,43,39.31,2016-03-17,0
CUST00584,41.0,583245.95,154411.62,Business,552.0,48,37.75,2016-04-13,1
CUST00585,37.0,392254.0,111339.74,Education,785.0,47,52.71,2017-04-19,1
CUST00586,31.0,333200.88,90617.73,Business,653.0,42,20.13,2023-07-11,0
CUST00587,39.0,,41474.04,Business,950.0,43,24.9,2019-07-12,0
CUST00588,48.0,328871.29,141422.13,Business,777.0,50,25.83,2022-03-24,1
CUST00589,38.0,,101245.57,Business,649.0,44,21.32,2016-08-09,0
CUST00590,35.0,298599.04,724160.61,Business,682.0,50,12.92,2015-09-09,0
CUST00591,35.0,464180.41,212492.04,Education,590.0,41,28.73,2023-11-11,0
CUST00592,49.0,273012.17,41910.84,Car,540.0,57,46.96,2018-05-09,1
CUST00593,51.0,192818.39,264718.37,Business,601.0,40,34.06,2015-07-01,0
CUST00594,31.0,666438.45,97405.31,Education,,46,19.3,2017-06-26,1
CUST00595,31.0,348987.96,119433.01,Car,701.0,53,29.14,2018-09-18,1
CUST00596,42.0,291117.77,77883.82,Home,672.0,39,18.37,2019-08-28,0
CUST00597,55.0,256036.79,36306.65,Business,572.0,47,40.01,2025-04-22,1
CUST00598,51.0,546624.84,90783.61,Education,723.0,55,48.03,2017-04-12,0
CUST00599,24.0,879803.49,120673.88,Car,541.0,46,48.82,2021-12-10,1
CUST00600,35.0,361661.17,148113.67,Car,525.0,45,22.97,2018-02-27,1
CUST00601,28.0,397209.18,87656.42,Home,605.0,43,18.68,2020-09-23,1
CUST00602,,756014.56,26488.77,Other,806.0,44,52.71,2018-05-27,1
CUST00603,56.0,178934.87,39144.03,Business,802.0,37,21.65,2018-12-16,1
CUST00604,22.0,1182846.43,338138.81,Education,614.0,55,28.8,2021-11-23,1
CUST00605,20.0,1501612.59,51250.39,Car,596.0,34,33.81,2021-10-11,1
CUST00606,29.0,114328.51,232403.34,Business,519.0,48,27.08,2016-07-20,1
CUST00607,41.0,421362.33,56361.86,Education,656.0,53,44.03,2016-10-19,1
CUST00608,45.0,308823.9,771691.99,Other,663.0,48,8.01,2017-10-09,1
CUST00609,43.0,387555.41,143648.55,Home,713.0,52,37.47,2025-05-03,0
CUST00610,51.0,358903.01,60348.01,Home,723.0,41,14.47,2018-08-24,1
CUST00611,19.0,663895.18,256614.2,Education,634.0,54,19.86,2021-08-22,1
CUST00612,51.0,418199.99,103304.58,Home,,59,30.85,2020-02-29,1
CUST00613,35.0,280560.98,130158.8,Education,594.0,50,6.18,2019-01-26,0
CUST00614,46.0,405918.39,84072.58,Business,693.0,61,23.93,2015-06-09,1
CUST00615,23.0,572284.84,146566.15,Home,609.0,42,20.95,2020-01-27,1
CUST00616,38.0,244785.93,254555.88,Car,687.0,40,24.92,2026-06-26,0
CUST00617,41.0,194246.48,91238.15,Business,680.0,55,20.07,2025-10-24,1
CUST00618,51.0,1198248.42,278682.29,Business,656.0,35,28.94,2018-06-15,1
CUST00619,21.0,320868.5,68394.15,Car,714.0,39,17.85,2021-02-16,0
CUST00620,38.0,413049.83,156132.08,Home,524.0,47,26.32,2018-04-21,0
CUST00621,26.0,362616.94,132384.86,Education,565.0,44,30.79,2025-08-04,0
CUST00622,44.0,581894.16,51992.29,Car,628.0,53,53.99,2021-05-18,0
CUST00623,47.0,1073457.13,112227.78,Business,535.0,52,61.97,2025-07-29,1
CUST00624,52.0,591233.86,99153.02,Education,617.0,62,8.66,2024-10-25,0
CUST00625,32.0,207071.09,59164.96,Home,900.0,41,56.79,2018-10-07,0
CUST00626,48.0,221446.94,122369.63,Business,755.0,37,12.85,2020-04-01,0
CUST00627,53.0,362404.99,107772.06,Education,661.0,46,26.48,2021-07-18,0
CUST00628,20.0,386885.24,94508.76,Home,732.0,39,6.61,2017-11-10,0
CUST00629,45.0,187030.01,94736.39,Education,674.0,42,3.77,2024-07-23,0
CUST00630,49.0,,93525.92,Other,607.0,59,99.46,2021-07-03,1
CUST00631,35.0,257002.15,79172.18,Business,661.0,51,27.01,2017-05-20,1
CUST00632,25.0,933457.56,107355.44,Home,708.0,40,22.81,2020-07-20,0
CUST00633,48.0,1099445.26,67080.69,Business,745.0,44,33.39,2024-06-11,0
CUST00634,25.0,390769.53,486059.19,Home,639.0,42,23.22,2019-11-12,0
CUST00635,36.0,,42378.65,Education,900.0,48,47.64,2023-03-01,1
CUST00636,38.0,238954.01,69505.3,Education,513.0,46,32.07,2026-04-23,1
CUST00637,46.0,604307.32,72878.92,Home,624.0,45,42.52,2018-11-07,0
CUST00638,31.0,344863.44,335808.4,Car,463.0,54,14.6,2026-06-12,1
CUST00639,30.0,256884.63,44708.51,Other,794.0,51,7.55,2019-10-06,0
CUST00640,39.0,382824.72,127459.43,Home,698.0,57,51.32,2021-06-17,0
CUST00641,49.0,350503.51,114580.9,Business,599.0,39,34.41,2023-11-20,1
CUST00642,63.0,376028.53,120591.17,Business,561.0,42,10.03,2015-10-13,0
CUST00643,21.0,711293.16,207275.87,Education,732.0,61,10.18,2023-01-23,1
CUST00644,41.0,298745.17,204740.3,Home,561.0,49,29.39,2021-07-07,1
CUST00645,,1053376.73,75314.35,Home,569.0,56,40.27,2022-07-14,1
CUST00646,49.0,228084.21,110902.92,Home,589.0,45,12.77,2025-12-12,1
CUST00647,28.0,992234.88,32258.56,Education,659.0,57,70.89,2020-07-29,1
CUST00648,31.0,266131.2,104762.99,Other,700.0,42,43.91,2025-08-22,0
CUST00649,32.0,442189.31,61304.37,Business,745.0,54,53.76,2021-07-11,0
CUST00650,37.0,346245.02,88271.32,Home,734.0,51,28.85,2017-06-23,0
CUST00651,42.0,372553.4,35910.21,Home,650.0,42,27.12,2022-07-02,0
CUST00652,43.0,660451.27,125859.74,Home,732.0,48,9.24,2017-03-09,0
CUST00653,38.0,,35669.77,Other,596.0,51,14.71,2025-05-02,1
CUST00654,23.0,802319.63,107901.15,Home,504.0,52,24.7,2016-10-01,1
CUST00655,46.0,361338.99,47292.01,Home,596.0,54,35.04,2020-09-24,1
CUST00656,37.0,485108.38,59291.15,Education,585.0,36,30.76,2024-06-03,1
CUST00657,51.0,299227.99,197370.76,Education,599.0,39,4.53,2015-02-08,1
CUST00658,30.0,269473.37,140470.22,Home,573.0,48,12.17,2020-08-19,1
CUST00659,20.0,249409.04,196717.09,Business,613.0,45,32.19,2020-10-26,0
CUST00660,38.0,355476.12,251660.51,Home,700.0,41,35.66,2018-11-20,1
CUST00661,52.0,501221.21,62087.3,Home,787.0,35,19.81,2022-09-25,0
CUST00662,40.0,170091.6,242651.85,Home,512.0,35,41.37,2018-09-25,1
CUST00663,36.0,432277.55,380049.55,Car,547.0,47,40.95,2019-04-21,1
CUST00664,28.0,944123.78,154455.33,Other,587.0,35,95.19,2018-03-02,1
CUST00665,57.0,775261.39,73423.36,Education,711.0,36,27.26,2022-03-05,0
CUST00666,27.0,330184.86,56490.06,Business,634.0,42,19.23,2025-02-22,0
CUST00667,,220039.76,142725.99,Car,592.0,49,12.84,2017-01-15,1
CUST00668,44.0,556774.26,174027.9,Business,707.0,55,8.18,2019-09-16,0
CUST00669,18.0,138868.94,170955.92,Other,727.0,41,39.78,2017-08-06,0
CUST00670,52.0,,1021261.73,Car,648.0,49,36.8,2017-10-21,0
CUST00671,45.0,397601.8,106849.26,Other,585.0,42,9.17,2026-03-02,1
CUST00672,48.0,1105325.21,135417.78,Education,672.0,38,39.96,2023-03-02,1
CUST00673,44.0,186561.69,118451.45,Business,631.0,57,29.99,2025-11-08,1
CUST00674,36.0,,136600.17,Home,631.0,35,21.49,2022-04-21,0
CUST00675,26.0,420729.58,111569.13,Education,609.0,34,4.14,2022-08-30,0
CUST00676,36.0,374922.54,163680.28,Education,724.0,37,36.54,2023-03-23,0
CUST00677,27.0,223033.72,37185.54,Other,670.0,46,77.29,2022-07-04,0
CUST00678,43.0,595927.3,91238.84,Other,733.0,39,14.26,2024-06-12,1
CUST00679,,620368.35,43031.69,Car,757.0,34,30.02,2018-10-01,0
CUST00680,54.0,1080099.69,116543.66,Other,687.0,43,38.58,2016-02-29,1
CUST00681,42.0,732358.28,264384.06,Business,609.0,48,2.32,2020-08-13,0
CUST00682,48.0,328749.83,74276.44,Education,733.0,44,12.38,2015-01-09,0
CUST00683,35.0,267819.55,106548.04,Home,687.0,45,7.01,2015-07-18,1
CUST00684,33.0,223184.55,155420.87,Home,858.0,51,76.99,2015-08-01,0
CUST00685,43.0,924133.83,28548.69,Home,675.0,45,2.17,2015-11-21,0
CUST00686,34.0,299812.59,72166.68,Home,706.0,47,21.42,2023-02-15,1
CUST00687,41.0,927376.52,122848.77,Other,673.0,42,32.49,2021-11-14,0
CUST00688,26.0,575236.2,17357.9,Home,642.0,39,14.16,2025-09-28,1
CUST00689,28.0,521753.97,54935.49,Business,900.0,52,2.77,2018-05-01,0
CUST00690,45.0,379483.29,191092.86,Education,674.0,46,22.11,2018-10-21,1
CUST00691,48.0,615590.01,180195.59,Education,692.0,50,13.97,2020-08-19,0
CUST00692,27.0,439004.36,123573.44,Home,742.0,49,35.08,2023-12-24,0
CUST00693,45.0,367836.33,167597.17,Education,675.0,47,44.38,2025-09-12,0
CUST00694,32.0,626561.61,112314.98,Education,613.0,49,9.23,2023-05-20,0
CUST00695,38.0,411685.07,137755.68,Education,624.0,54,15.21,2020-10-29,0
CUST00696,54.0,,81683.54,Home,544.0,47,15.85,2026-03-29,1
CUST00697,47.0,597143.89,105819.24,Business,783.0,46,43.94,2017-01-31,0
CUST00698,47.0,428483.36,67546.92,Home,607.0,50,27.64,2020-05-30,1
CUST00699,59.0,564928.81,210678.81,Education,727.0,42,9.58,2017-11-02,0
CUST00700,30.0,352593.13,245962.82,Car,672.0,40,53.7,2016-11-28,0
CUST00701,27.0,241696.8,225922.59,Home,674.0,45,14.12,2019-07-24,1
CUST00702,30.0,1053403.58,77275.69,Business,641.0,47,17.43,2023-10-18,0
CUST00703,35.0,958673.37,55700.01,Home,587.0,33,11.71,2018-09-05,1
CUST00704,18.0,688239.72,212391.0,Other,573.0,49,29.2,2024-05-30,1
CUST00705,36.0,364431.78,136809.44,Business,788.0,51,19.79,2022-01-08,0
CUST00706,,380728.2,120228.65,Car,659.0,35,64.53,2023-02-17,1
CUST00707,47.0,883073.51,67495.81,Car,740.0,36,27.91,2017-10-17,0
CUST00708,42.0,370676.5,127439.66,Home,761.0,46,12.34,2024-12-02,0
CUST00709,31.0,322456.0,51474.05,Other,617.0,46,25.71,2017-05-05,1
CUST00710,44.0,1128181.2,144413.71,Education,684.0,48,70.66,2019-04-08,0
CUST00711,46.0,431991.49,225783.54,Home,654.0,49,8.58,2024-01-02,0
CUST00712,30.0,1071117.08,262663.05,Education,557.0,40,36.52,2022-12-07,1
CUST00713,33.0,219872.71,151011.98,Home,635.0,49,4.2,2018-06-11,1
CUST00714,18.0,573258.74,43078.83,Education,,46,61.53,2018-01-12,1
CUST00715,26.0,1246115.04,111123.57,Education,610.0,39,17.8,2019-12-24,0
CUST00716,30.0,4049190.39,356400.03,Home,624.0,39,12.04,2020-02-18,1
CUST00717,39.0,387704.12,58620.11,Business,636.0,37,67.82,2015-09-07,1
CUST00718,28.0,246748.29,95271.98,Home,819.0,45,24.44,2017-10-14,1
CUST00719,32.0,760074.34,230525.0,Education,503.0,47,25.16,2016-10-10,1
CUST00720,25.0,301021.2,142954.31,Education,690.0,61,18.02,2016-10-10,1
CUST00721,,,437177.16,Other,630.0,39,18.66,2019-01-24,0
CUST00722,43.0,238648.94,63594.25,Car,599.0,55,3.72,2015-05-31,0
CUST00723,42.0,963615.18,54510.39,Other,628.0,41,36.13,2022-10-13,1
CUST00724,38.0,788149.17,205761.96,Car,703.0,44,7.06,2022-09-19,0
CUST00725,21.0,435481.51,48169.09,Business,708.0,50,48.79,2017-07-14,0
CUST00726,31.0,248432.27,87722.98,Home,665.0,48,10.13,2025-01-22,1
CUST00727,34.0,953556.09,94903.14,Business,737.0,49,26.93,2021-10-28,1
CUST00728,34.0,368440.36,183798.2,Home,752.0,44,15.66,2018-08-12,1
CUST00729,39.0,254586.92,142708.7,Other,715.0,42,18.01,2017-03-25,0
CUST00730,54.0,183311.28,129863.47,Other,606.0,53,20.91,2019-12-07,1
CUST00731,47.0,320301.31,77539.4,Car,690.0,45,32.22,2026-01-13,0
CUST00732,27.0,213775.34,204638.93,Education,690.0,47,66.53,2015-01-15,1
CUST00733,45.0,324029.42,1105153.09,Education,585.0,47,17.66,2015-03-26,1
CUST00734,45.0,641910.63,149457.79,Home,524.0,53,2.98,2019-09-30,0
CUST00735,29.0,366700.21,104799.4,Business,488.0,39,57.15,2025-07-25,1
CUST00736,47.0,528525.69,45309.96,Business,656.0,49,40.09,2018-03-26,1
CUST00737,,308147.14,67340.1,Education,674.0,55,9.77,2023-08-04,0
CUST00738,22.0,457066.66,86835.77,Home,555.0,38,8.22,2021-08-07,1
CUST00739,43.0,1155970.04,71627.89,Other,734.0,40,33.29,2017-04-16,0
CUST00740,40.0,,592716.76,Home,662.0,52,29.22,2025-06-10,1
CUST00741,35.0,536174.38,286877.23,Education,758.0,48,77.66,2016-11-16,1
CUST00742,38.0,202245.26,208626.35,Home,680.0,37,36.39,2020-10-25,1
CUST00743,30.0,946052.23,89742.56,Home,565.0,52,14.83,2022-08-13,1
CUST00744,,348501.11,47812.0,Home,687.0,50,12.1,2022-10-06,1
CUST00745,38.0,748081.21,220228.43,Car,704.0,48,26.27,2024-10-26,1
CUST00746,40.0,415987.23,95852.65,Education,606.0,36,3.94,2023-02-09,1
CUST00747,42.0,600663.22,35034.89,Education,535.0,59,5.74,2022-07-22,1
CUST00748,25.0,618780.7,151366.31,Business,658.0,34,8.71,2016-10-01,1
CUST00749,28.0,352843.48,182665.52,Business,570.0,44,14.52,2018-07-11,1
CUST00750,18.0,763717.49,23027.74,Home,740.0,54,24.14,2018-12-25,1
CUST00751,,302703.05,60190.34,Home,617.0,69,38.11,2019-04-07,1
CUST00752,25.0,,92385.71,Education,788.0,47,59.46,2016-04-19,1
CUST00753,39.0,363995.71,153385.03,Business,480.0,41,51.92,2016-02-04,1
CUST00754,42.0,526906.81,72442.76,Education,661.0,48,46.5,2020-01-25,1
CUST00755,45.0,351162.2,59916.96,Home,764.0,41,17.45,2023-04-23,0
CUST00756,25.0,453607.69,152710.85,Business,579.0,44,12.4,2025-03-13,1
CUST00757,37.0,258500.56,74533.69,Home,637.0,47,32.8,2025-10-21,0
CUST00758,56.0,500708.06,136657.46,Education,618.0,35,34.32,2020-07-11,1
CUST00759,57.0,452296.82,50670.07,Home,595.0,45,9.58,2025-04-28,1
CUST00760,49.0,337703.38,43853.08,Business,670.0,53,20.83,2020-03-29,1
CUST00761,42.0,430406.77,155307.37,Car,546.0,53,11.53,2020-06-10,0
CUST00762,27.0,473071.7,114864.9,Business,641.0,59,5.51,2017-05-28,0
CUST00763,46.0,325078.34,171694.74,Home,691.0,41,31.02,2022-03-21,1
CUST00764,,414828.6,71714.21,Education,633.0,43,45.87,2018-07-26,0
CUST00765,44.0,267593.42,61263.33,Home,570.0,38,72.96,2020-07-29,1
CUST00766,31.0,1429544.64,223335.71,Business,732.0,42,22.09,2025-10-06,0
CUST00767,36.0,751299.26,39585.76,Home,900.0,36,4.44,2021-04-12,0
CUST00768,40.0,507142.37,209164.53,Home,567.0,46,81.62,2018-06-25,1
CUST00769,41.0,8652287.31,218011.44,Business,546.0,50,86.44,2022-09-15,0
CUST00770,43.0,164451.96,165388.69,Home,574.0,33,130.0,2023-05-29,1
CUST00771,32.0,123150.21,65337.11,Home,694.0,46,104.11,2021-12-21,1
CUST00772,23.0,362345.87,60481.07,Business,672.0,45,29.69,2015-06-26,1
CUST00773,56.0,222063.34,87026.38,Business,713.0,45,25.0,2017-08-07,1
CUST00774,65.0,393052.02,45386.78,Business,624.0,44,42.58,2016-06-22,1
CUST00775,43.0,,55435.95,Car,576.0,40,6.69,2025-12-26,1
CUST00776,23.0,700960.8,145341.38,Education,724.0,49,13.84,2018-07-31,1
CUST00777,29.0,250413.29,145744.37,Business,606.0,43,22.34,2020-06-14,1
CUST00778,44.0,540265.16,52588.62,Home,665.0,43,53.25,2025-05-12,1
CUST00779,,445607.97,148104.47,Business,526.0,44,54.88,2026-05-24,1
CUST00780,25.0,526367.36,129648.47,Home,604.0,62,23.32,2017-07-09,1
CUST00781,37.0,341162.45,244246.14,Other,731.0,48,7.4,2024-11-16,1
CUST00782,40.0,,138896.16,Education,593.0,44,45.31,2023-05-09,0
CUST00783,48.0,420099.0,186306.53,Car,715.0,47,6.89,2022-01-21,1
CUST00784,34.0,1074204.68,131432.22,Car,464.0,45,15.98,2016-12-04,0
CUST00785,21.0,297987.16,177718.74,Home,605.0,45,29.53,2022-12-11,1
CUST00786,45.0,641403.27,45603.04,Car,636.0,45,6.1,2022-01-16,0
CUST00787,50.0,429409.27,91761.98,Business,789.0,49,13.09,2020-02-17,0
CUST00788,37.0,375543.2,96433.64,Education,556.0,59,50.18,2021-09-29,1
CUST00789,42.0,606923.28,85284.67,Education,,43,42.61,2017-06-03,1
CUST00790,33.0,380946.13,128840.69,Home,735.0,49,8.41,2022-02-23,0
CUST00791,,116893.36,144441.2,Business,592.0,50,32.2,2016-10-05,1
CUST00792,49.0,95661.0,124910.69,Car,620.0,52,4.35,2018-04-16,1
CUST00793,42.0,835855.54,88772.63,Home,661.0,31,39.46,2020-09-08,0
CUST00794,43.0,818418.61,63485.19,Other,531.0,48,14.16,2016-11-11,1
CUST00795,,1136734.77,190672.32,Education,614.0,34,21.17,2025-07-02,1
CUST00796,26.0,438552.97,121763.96,Education,752.0,45,26.93,2025-03-10,0
CUST00797,32.0,231812.14,53574.67,Other,692.0,51,8.93,2020-06-14,0
CUST00798,40.0,358687.95,87885.27,Car,637.0,45,13.21,2021-07-18,0
CUST00799,32.0,444947.8,34683.53,Other,659.0,42,74.81,2018-05-09,1
CUST00800,47.0,267394.64,100833.14,Business,696.0,44,19.97,2017-06-09,1
CUST00801,36.0,1008815.43,87638.18,Education,712.0,49,28.08,2026-01-17,0
CUST00802,27.0,,69934.88,Home,605.0,51,28.43,2019-10-02,1
CUST00803,39.0,561934.37,255444.42,Home,773.0,58,60.56,2025-12-17,1
CUST00804,40.0,440016.77,49330.98,Car,,60,44.47,2015-10-09,0
CUST00805,48.0,,150819.01,Home,704.0,46,9.4,2016-03-23,0
CUST00806,42.0,958588.29,366599.37,Home,583.0,44,65.81,2020-06-18,1
CUST00807,43.0,459619.11,188407.18,Education,568.0,57,82.48,2023-12-27,0
CUST00808,42.0,382857.37,96865.31,Business,624.0,41,9.34,2019-11-15,1
CUST00809,36.0,562747.91,281891.76,Home,655.0,42,18.95,2024-08-26,0
CUST00810,30.0,330097.79,43597.83,Business,509.0,52,22.89,2016-07-11,0
CUST00811,41.0,476125.9,614087.42,Other,690.0,50,19.56,2024-11-03,1
CUST00812,34.0,215080.27,65368.75,Business,753.0,42,39.6,2020-02-09,0
CUST00813,57.0,761879.43,64104.63,Business,696.0,43,21.28,2018-04-11,0
CUST00814,53.0,419909.5,81162.77,Business,596.0,48,16.19,2022-05-08,1
CUST00815,45.0,789693.7,92841.75,Home,586.0,45,40.89,2023-12-13,0
CUST00816,42.0,400084.84,132075.26,Car,674.0,43,3.09,2025-09-02,0
CUST00817,,413288.07,46972.72,Other,638.0,35,29.73,2016-01-03,0
CUST00818,24.0,241310.87,65555.59,Business,685.0,48,36.35,2023-01-30,1
CUST00819,36.0,646855.68,89697.37,Business,698.0,41,63.0,2018-08-13,1
CUST00820,39.0,285523.62,87790.53,Other,737.0,49,26.53,2020-10-10,0
CUST00821,41.0,346898.95,297108.96,Home,559.0,58,4.73,2020-04-22,0
CUST00822,43.0,442645.1,113476.15,Car,668.0,61,27.76,2023-11-07,1
CUST00823,48.0,470058.34,37490.62,Education,621.0,42,4.32,2019-07-31,1
CUST00824,30.0,188518.52,126868.81,Home,642.0,42,33.58,2018-03-21,1
CUST00825,30.0,394193.45,136953.71,Education,,38,55.72,2020-08-08,0
CUST00826,54.0,658431.06,91575.88,Business,728.0,30,23.84,2022-09-08,0
CUST00827,46.0,366161.94,47665.45,Education,762.0,36,21.3,2024-09-22,1
CUST00828,34.0,395392.46,283461.85,Home,684.0,52,43.77,2015-01-22,1
CUST00829,37.0,479837.62,51951.7,Business,641.0,46,32.69,2021-07-14,1
CUST00830,37.0,415409.39,146746.71,Home,630.0,42,41.48,2015-11-01,0
CUST00831,38.0,264274.14,111305.1,Business,511.0,59,102.63,2022-02-15,1
CUST00832,43.0,434446.0,141561.05,Home,757.0,40,17.09,2022-03-05,0
CUST00833,66.0,727258.01,274886.83,Business,624.0,60,35.22,2024-10-29,0
CUST00834,40.0,261558.18,138272.73,Car,690.0,52,66.56,2017-03-19,1
CUST00835,45.0,366868.61,70601.13,Car,704.0,34,67.27,2024-02-18,0
CUST00836,19.0,221723.05,191682.45,Education,550.0,47,37.69,2022-12-01,1
CUST00837,33.0,708348.14,67598.45,Home,576.0,52,20.61,2022-08-24,1
CUST00838,52.0,,108894.5,Car,774.0,43,41.1,2022-04-27,0
CUST00839,42.0,,45440.08,Business,673.0,48,41.71,2021-04-26,1
CUST00840,18.0,463301.26,53105.26,Business,604.0,41,46.74,2015-09-25,1
CUST00841,,242364.94,101806.78,Home,640.0,55,9.95,2024-05-06,1
CUST00842,59.0,263880.66,123112.28,Business,737.0,50,81.03,2019-07-06,1
CUST00843,18.0,213188.76,35545.39,Business,725.0,43,66.73,2016-03-14,1
CUST00844,55.0,,133035.65,Business,533.0,40,24.43,2022-01-17,1
CUST00845,18.0,872108.21,60375.74,Car,781.0,39,62.35,2025-11-20,1
CUST00846,48.0,306643.41,212737.18,Home,727.0,40,23.13,2023-03-15,0
CUST00847,,558557.34,79923.19,Other,638.0,46,72.52,2017-10-29,0
CUST00848,18.0,291224.37,50303.33,Car,555.0,46,27.6,2024-05-18,1
CUST00849,43.0,5528275.91,103309.31,Car,734.0,43,11.98,2024-09-24,1
CUST00850,51.0,264860.62,56968.8,Business,688.0,49,93.69,2018-10-19,0
CUST00851,,451176.53,211370.35,Home,533.0,40,45.45,2021-01-03,1
CUST00852,,454260.3,98747.18,Business,631.0,50,21.96,2024-08-13,1
CUST00853,33.0,1416787.68,90128.71,Home,900.0,42,76.61,2016-10-23,0
CUST00854,18.0,606349.99,140797.87,Business,651.0,46,41.42,2019-01-27,1
CUST00855,46.0,1980348.38,54015.78,Other,591.0,41,19.8,2020-03-30,0
CUST00856,57.0,623138.75,45547.35,Other,569.0,49,77.26,2015-01-30,1
CUST00857,50.0,1288626.18,126122.75,Other,792.0,46,46.6,2016-12-02,0
CUST00858,18.0,195865.2,51031.46,Business,718.0,44,33.3,2022-01-04,1
CUST00859,21.0,290325.79,51021.07,Home,763.0,49,26.25,2018-01-11,0
CUST00860,29.0,392994.63,163089.37,Other,670.0,40,11.56,2017-10-11,0
CUST00861,20.0,359135.81,135271.41,Other,750.0,50,1.7,2018-05-28,0
CUST00862,38.0,,46523.01,Education,582.0,32,43.42,2016-06-06,0
CUST00863,,230471.82,68085.42,Car,663.0,35,9.43,2022-04-27,0
CUST00864,22.0,892675.16,57397.79,Home,673.0,45,11.56,2017-12-20,0
CUST00865,47.0,217226.46,286585.32,Education,761.0,61,22.83,2022-06-28,0
CUST00866,45.0,,170008.93,Business,676.0,50,23.28,2024-07-07,0
CUST00867,32.0,746324.15,76687.43,Car,600.0,48,13.0,2020-07-02,0
CUST00868,36.0,435786.43,139485.62,Car,655.0,39,43.39,2025-07-03,0
CUST00869,18.0,271116.23,43751.81,Education,516.0,51,5.09,2017-04-04,1
CUST00870,34.0,225406.83,65934.18,Home,464.0,45,42.78,2026-01-20,1
CUST00871,38.0,,105126.32,Other,717.0,42,20.79,2018-09-13,0
CUST00872,40.0,302999.13,129487.35,Home,620.0,49,12.41,2018-06-25,1
CUST00873,42.0,3567229.56,93108.85,Home,629.0,45,5.65,2026-04-04,1
CUST00874,41.0,219536.64,114554.74,Home,716.0,38,29.71,2020-03-28,0
CUST00875,35.0,664319.09,103466.37,Business,762.0,60,8.73,2023-08-04,0
CUST00876,41.0,468726.52,508133.92,Business,693.0,47,7.52,2024-03-23,0
CUST00877,49.0,486464.01,82645.25,Home,804.0,56,66.07,2020-02-25,0
CUST00878,37.0,909398.24,76438.45,Home,690.0,35,6.78,2018-08-27,1
CUST00879,41.0,355436.63,113455.11,Car,674.0,40,4.98,2020-08-24,0
CUST00880,36.0,307764.96,126309.35,Home,669.0,39,40.37,2019-06-05,0
CUST00881,,3225764.71,111192.2,Business,547.0,45,31.55,2019-10-15,1
CUST00882,44.0,401810.84,48671.15,Home,726.0,62,16.05,2017-09-23,1
CUST00883,32.0,,54211.23,Education,454.0,38,10.88,2025-07-07,1
CUST00884,42.0,292041.48,125408.17,Car,603.0,51,13.77,2021-07-30,1
CUST00885,38.0,160886.97,238709.83,Car,652.0,44,16.44,2024-02-27,0
CUST00886,35.0,334213.57,108168.91,Car,587.0,55,37.09,2022-07-30,0
CUST00887,34.0,529618.83,77110.83,Home,614.0,49,30.25,2019-01-21,1
CUST00888,32.0,473605.11,112939.13,Home,797.0,43,18.96,2018-08-29,0
CUST00889,20.0,805950.2,49906.53,Home,738.0,55,18.78,2026-04-16,1
CUST00890,42.0,1176133.91,216504.34,Home,,51,41.7,2015-04-12,1
CUST00891,41.0,,110410.06,Other,612.0,45,12.37,2018-05-22,0
CUST00892,,883158.81,66060.46,Home,548.0,47,5.44,2023-06-17,0
CUST00893,32.0,649129.26,89314.82,Car,706.0,42,61.25,2021-04-10,0
CUST00894,,1040227.12,71953.71,Home,630.0,40,18.98,2022-02-01,0
CUST00895,34.0,1116184.6,216858.86,Business,493.0,44,87.41,2015-04-01,1
CUST00896,28.0,711821.59,87435.44,Other,658.0,48,16.81,2017-07-08,0
CUST00897,,629820.46,108360.56,Business,685.0,33,25.18,2021-11-21,1
CUST00898,19.0,399266.31,139279.21,Education,727.0,35,11.47,2018-08-13,0
CUST00899,55.0,433363.16,63293.63,Business,644.0,39,30.63,2020-05-28,1
CUST00900,53.0,373652.44,864600.58,Car,620.0,49,19.17,2025-12-31,1
CUST00901,45.0,603575.13,116385.28,Business,809.0,50,21.1,2022-05-02,0
CUST00902,28.0,308607.64,38853.47,Business,651.0,41,27.32,2022-03-30,1
CUST00903,58.0,402096.3,114877.07,Home,708.0,48,17.13,2017-04-04,0
CUST00904,34.0,136272.94,96042.18,Car,607.0,38,29.89,2021-11-04,1
CUST00905,35.0,,106721.7,Home,705.0,60,13.95,2026-01-13,1
CUST00906,54.0,3518905.37,100848.82,Home,534.0,43,28.74,2022-05-09,1
CUST00907,45.0,555592.4,115324.13,Business,613.0,43,4.37,2024-01-09,0
CUST00908,62.0,917028.06,220225.2,Home,,49,6.78,2025-12-20,1
CUST00909,41.0,514086.45,48644.57,Business,602.0,41,11.3,2025-05-11,0
CUST00910,34.0,910884.93,80395.11,Other,750.0,47,8.27,2018-11-27,0
CUST00911,31.0,237787.12,147262.38,Car,,37,8.94,2018-05-25,0
CUST00912,18.0,1466938.74,131736.04,Car,707.0,53,35.48,2018-03-25,1
CUST00913,35.0,761888.2,130045.98,Education,771.0,57,19.6,2023-11-08,1
CUST00914,51.0,491197.34,515115.45,Business,648.0,41,17.14,2019-05-01,0
CUST00915,45.0,902153.23,142697.36,Home,730.0,47,30.1,2024-06-14,0
CUST00916,38.0,246639.38,194573.0,Home,,54,31.83,2024-03-16,1
CUST00917,27.0,382962.58,82105.21,Education,659.0,43,15.53,2022-08-27,1
CUST00918,40.0,910842.43,54407.24,Other,710.0,42,50.97,2016-05-22,0
CUST00919,49.0,173940.73,81749.06,Home,797.0,43,20.52,2023-03-08,1
CUST00920,43.0,585504.35,151323.64,Car,599.0,54,37.94,2017-05-18,0
CUST00921,40.0,577283.11,126007.5,Other,573.0,46,13.93,2021-05-08,1
CUST00922,29.0,1184241.34,125737.39,Home,569.0,49,29.23,2017-08-16,0
CUST00923,48.0,200490.53,86802.73,Home,730.0,34,40.52,2015-09-18,0
CUST00924,18.0,989361.96,78882.8,Education,740.0,40,37.23,2022-04-25,1
CUST00925,42.0,334457.34,88617.59,Home,607.0,39,34.8,2020-03-09,1
CUST00926,66.0,353802.9,152464.23,Home,479.0,42,13.34,2022-05-17,1
CUST00927,21.0,240144.91,163478.45,Education,596.0,44,7.91,2020-08-21,0
CUST00928,35.0,256805.43,53973.85,Business,694.0,40,7.02,2019-04-11,1
CUST00929,38.0,541317.45,155967.91,Education,645.0,38,16.46,2015-03-07,1
CUST00930,33.0,253681.3,66807.28,Car,664.0,47,15.49,2018-03-05,0
CUST00931,49.0,640588.25,130790.62,Education,608.0,34,32.22,2025-02-13,0
CUST00932,43.0,317590.14,87976.11,Education,731.0,47,24.43,2023-09-04,1
CUST00933,40.0,241224.45,252577.43,Business,677.0,51,7.23,2020-05-01,1
CUST00934,47.0,339794.2,76815.0,Business,697.0,43,45.65,2015-05-14,1
CUST00935,38.0,523532.08,109882.52,Business,663.0,56,28.04,2026-04-27,1
CUST00936,73.0,385125.05,142053.06,Business,692.0,49,12.56,2023-06-29,1
CUST00937,,450045.99,58432.33,Business,687.0,41,14.51,2015-04-03,0
CUST00938,40.0,626625.11,94493.45,Home,576.0,57,60.95,2017-06-01,1
CUST00939,19.0,760104.14,84124.16,Other,680.0,44,8.27,2016-12-14,1
CUST00940,32.0,378871.49,72526.83,Business,713.0,47,63.15,2025-05-17,1
CUST00941,51.0,262469.19,75823.7,Car,742.0,60,19.19,2025-12-20,0
CUST00942,23.0,459570.32,192376.33,Home,,40,20.26,2019-10-03,1
CUST00943,18.0,559794.37,534163.31,Education,573.0,45,30.23,2017-01-16,1
CUST00944,38.0,213125.69,138668.95,Car,585.0,46,5.29,2022-05-20,0
CUST00945,53.0,283423.03,119223.72,Business,615.0,38,27.95,2018-02-18,0
CUST00946,38.0,308786.86,42693.93,Education,665.0,40,39.95,2016-05-22,0
CUST00947,34.0,398749.59,134793.82,Home,640.0,41,16.1,2017-12-23,0
CUST00948,18.0,302393.08,42272.5,Home,560.0,46,22.93,2017-12-01,1
CUST00949,,630028.52,143897.3,Business,560.0,60,88.7,2015-08-14,1
CUST00950,,198279.59,72815.56,Home,482.0,48,43.06,2023-01-20,1
CUST00951,18.0,200815.26,99212.61,Business,400.0,50,10.52,2019-01-18,1
CUST00952,50.0,374390.85,45407.48,Home,639.0,39,15.28,2021-04-29,0
CUST00953,46.0,405215.21,106237.18,Car,836.0,49,18.71,2021-04-30,0
CUST00954,50.0,213774.73,172158.4,Education,794.0,48,44.99,2023-11-09,0
CUST00955,44.0,326643.81,60828.93,Home,572.0,48,10.49,2023-10-06,0
CUST00956,45.0,362028.45,68576.13,Business,662.0,39,37.3,2021-06-23,0
CUST00957,44.0,363433.29,129673.19,Business,533.0,45,37.48,2024-08-19,1
CUST00958,48.0,477319.21,131632.73,Home,545.0,44,24.06,2021-07-18,1
CUST00959,18.0,317810.5,22913.75,Car,554.0,38,46.06,2015-04-20,1
CUST00960,21.0,926267.32,330791.59,Business,632.0,53,11.47,2024-11-11,1
CUST00961,30.0,564729.6,135554.91,Business,635.0,46,52.61,2023-11-05,1
CUST00962,37.0,295505.65,149964.1,Education,670.0,54,4.13,2019-11-18,0
CUST00963,42.0,463821.82,90569.77,Business,703.0,40,10.43,2019-06-11,0
CUST00964,42.0,470714.8,32428.34,Home,623.0,46,4.25,2025-04-15,1
CUST00965,50.0,812085.36,147980.12,Home,653.0,43,12.07,2019-11-23,0
CUST00966,51.0,327685.24,70325.32,Business,562.0,38,37.97,2019-04-12,1
CUST00967,28.0,649312.47,136811.46,Business,542.0,44,31.19,2023-06-02,1
CUST00968,41.0,451769.44,86570.93,Business,530.0,38,27.77,2018-10-11,0
CUST00969,29.0,,113871.24,Home,702.0,47,11.9,2019-08-23,1
CUST00970,36.0,843610.12,62006.98,Education,623.0,52,22.64,2023-12-17,0
CUST00971,42.0,488204.5,165815.89,Business,500.0,62,52.98,2017-07-26,1
CUST00972,18.0,388038.05,48386.33,Home,645.0,60,12.36,2015-02-18,1
CUST00973,65.0,6553460.3,379777.81,Education,550.0,48,12.87,2018-11-13,1
CUST00974,44.0,404244.43,378045.25,Education,783.0,33,13.36,2016-12-23,0
CUST00975,31.0,1024949.14,262923.86,Home,604.0,40,26.67,2019-02-27,1
CUST00976,59.0,460116.52,212200.61,Car,705.0,49,35.57,2015-10-29,0
CUST00977,34.0,361196.96,93832.92,Home,737.0,41,41.56,2021-10-10,0
CUST00978,39.0,351579.96,198774.84,Other,950.0,50,18.67,2020-11-19,0
CUST00979,33.0,241224.23,93180.53,Home,656.0,44,17.27,2018-02-17,1
CUST00980,56.0,584364.12,38866.56,Home,694.0,29,14.7,2022-03-21,0
CUST00981,37.0,293606.11,243268.45,Home,659.0,42,33.97,2016-08-29,1
CUST00982,40.0,766104.7,194326.43,Home,679.0,40,5.51,2015-02-13,0
CUST00983,51.0,231777.35,96876.92,Home,544.0,44,20.73,2020-06-24,1
CUST00984,44.0,471474.7,47329.52,Education,694.0,39,20.84,2016-11-08,0
CUST00985,37.0,786314.31,69444.25,Home,611.0,38,37.86,2024-11-02,1
CUST00986,50.0,150825.15,33100.8,Home,678.0,44,7.3,2018-06-24,1
CUST00987,66.0,1213637.7,174041.41,Home,724.0,54,39.97,2019-12-06,0
CUST00988,,357666.91,37722.6,Car,704.0,45,32.48,2018-05-20,0
CUST00989,,474751.93,117254.08,Home,678.0,49,75.66,2019-12-26,1
CUST00990,40.0,588730.98,59503.12,Education,701.0,49,66.25,2016-02-12,1
CUST00991,52.0,636070.4,41939.27,Business,705.0,43,50.41,2025-09-25,0
CUST00992,31.0,507342.69,113892.81,Business,770.0,52,2.93,2016-12-26,0
CUST00993,35.0,728463.13,80799.04,Home,647.0,38,8.02,2019-07-19,1
CUST00994,21.0,573512.7,163229.66,Business,663.0,37,46.19,2024-09-25,0
CUST00995,25.0,1067084.34,46140.06,Business,725.0,47,20.33,2019-11-26,0
CUST00996,32.0,574447.38,62668.31,Home,611.0,37,66.18,2023-01-20,1
CUST00997,37.0,1181526.45,23562.57,Car,543.0,40,24.51,2015-10-15,1
CUST00998,57.0,694216.69,26619.31,Business,689.0,58,36.92,2018-05-28,0
CUST00999,44.0,179355.46,290371.22,Car,634.0,50,35.05,2023-09-25,1
CUST01000,28.0,1632382.79,344606.67,Car,553.0,45,24.02,2018-01-10,1
CUST01001,30.0,331979.32,104363.55,Education,,46,46.73,2019-10-04,0
CUST01002,53.0,934504.77,60216.56,Home,764.0,41,39.01,2015-12-03,0
CUST01003,50.0,448380.16,82531.11,Other,520.0,47,8.78,2020-10-19,1
CUST01004,38.0,752040.25,166732.25,Home,732.0,44,92.69,2019-01-04,1
CUST01005,33.0,313564.56,72501.79,Home,447.0,40,8.03,2024-11-20,1
CUST01006,50.0,604932.57,113843.54,Home,618.0,49,12.82,2019-07-30,0
CUST01007,27.0,389806.1,97963.12,Car,797.0,50,36.48,2024-07-04,0
CUST01008,42.0,,70172.54,Business,624.0,45,31.75,2025-05-23,0
CUST01009,63.0,550914.05,71990.13,Business,657.0,38,41.35,2024-08-23,0
CUST01010,40.0,706424.3,117711.56,Other,711.0,54,19.8,2023-07-17,1
CUST01011,29.0,149935.66,54932.87,Education,513.0,41,33.46,2021-09-17,1
CUST01012,43.0,423883.38,129448.4,Car,200.0,43,13.61,2020-07-04,1
CUST01013,,543223.34,74388.2,Car,655.0,43,24.51,2015-12-08,1
CUST01014,23.0,494749.8,106555.41,Home,799.0,42,60.89,2016-07-20,0
CUST01015,46.0,7592330.9,226472.21,Other,,55,7.99,2019-05-16,0
CUST01016,50.0,368445.42,89240.01,Car,619.0,48,48.73,2022-07-17,1
CUST01017,35.0,453338.13,171421.82,Car,576.0,37,20.96,2015-01-21,1
CUST01018,34.0,798598.33,33684.07,Education,567.0,30,11.14,2025-10-04,1
CUST01019,27.0,141585.0,74442.49,Business,740.0,53,11.85,2026-05-30,0
CUST01020,36.0,594024.15,100369.45,Home,652.0,44,20.47,2015-11-24,1
CUST01021,32.0,374391.6,313012.5,Business,950.0,38,50.29,2016-02-09,0
CUST01022,27.0,280363.13,30455.71,Business,609.0,48,33.32,2024-10-02,1
CUST01023,59.0,523489.43,93178.67,Business,605.0,33,7.34,2017-04-19,0
CUST01024,43.0,817270.7,236573.28,Home,612.0,43,47.01,2017-01-26,0
CUST01025,44.0,743833.07,61635.16,Home,,46,41.73,2017-02-24,0
CUST01026,48.0,413512.69,86881.18,Car,629.0,55,4.19,2023-01-22,1
CUST01027,46.0,685477.18,120456.43,Business,621.0,52,10.67,2016-07-10,1
CUST01028,33.0,682852.36,110271.98,Other,589.0,45,53.9,2017-02-10,0
CUST01029,41.0,423502.36,252574.69,Education,662.0,41,24.12,2019-07-28,0
CUST01030,35.0,312843.93,129195.79,Home,669.0,51,46.82,2021-11-23,1
CUST01031,43.0,322024.52,218964.25,Home,605.0,37,1.98,2026-05-19,1
CUST01032,42.0,672613.85,79538.38,Education,638.0,46,1.04,2017-09-24,1
CUST01033,34.0,433187.78,63302.79,Home,823.0,45,38.31,2017-12-05,0
CUST01034,23.0,262212.07,86212.12,Education,820.0,44,14.78,2021-03-24,0
CUST01035,40.0,190530.69,49243.77,Business,566.0,47,39.86,2019-10-20,1
CUST01036,36.0,670591.69,131940.59,Car,577.0,49,47.24,2021-11-24,1
CUST01037,18.0,336586.61,78313.33,Car,565.0,41,15.01,2017-10-31,1
CUST01038,44.0,521880.48,65968.11,Home,735.0,36,22.4,2022-02-09,0
CUST01039,49.0,822294.15,133145.13,Home,618.0,50,18.65,2025-08-21,1
CUST01040,66.0,229931.74,49700.51,Business,669.0,37,14.8,2022-11-06,0
CUST01041,34.0,432540.53,156733.36,Car,810.0,44,28.47,2023-06-13,0
CUST01042,32.0,406221.12,74087.16,Home,649.0,45,43.93,2015-10-17,0
CUST01043,26.0,4688644.47,197888.27,Home,706.0,41,12.92,2025-05-15,0
CUST01044,40.0,822069.32,77991.68,Home,692.0,39,12.86,2023-01-31,0
CUST01045,40.0,,144227.3,Business,603.0,38,15.13,2022-03-17,1
CUST01046,29.0,588245.1,109945.21,Education,735.0,44,36.52,2016-10-11,1
CUST01047,36.0,741004.43,154251.72,Education,582.0,36,47.02,2021-05-13,0
CUST01048,18.0,403048.21,105447.46,Education,757.0,51,18.39,2022-10-13,1
CUST01049,48.0,413030.41,36386.81,Home,603.0,39,3.15,2022-03-02,0
CUST01050,30.0,545372.7,180823.4,Education,612.0,35,9.46,2016-06-04,1
CUST01051,38.0,525659.29,93656.61,Home,,54,17.5,2015-06-22,1
CUST01052,22.0,591949.32,158531.67,Other,576.0,40,11.46,2020-07-05,0
CUST01053,32.0,585745.26,149364.95,Home,616.0,37,7.28,2023-03-31,1
CUST01054,35.0,270766.97,62070.25,Car,455.0,41,25.0,2019-06-12,0
CUST01055,38.0,725875.11,57018.03,Home,631.0,42,107.91,2022-11-26,1
CUST01056,43.0,792851.79,146270.52,Business,609.0,43,10.07,2026-02-12,1
CUST01057,54.0,485551.89,82293.76,Home,713.0,45,28.67,2025-03-23,1
CUST01058,46.0,209592.9,173140.31,Other,684.0,52,35.26,2022-04-02,1
CUST01059,49.0,417745.28,88705.7,Home,593.0,50,37.31,2023-05-16,0
CUST01060,54.0,487576.72,182416.14,Business,613.0,46,22.94,2016-01-06,0
CUST01061,44.0,249621.21,127259.39,Business,631.0,45,7.66,2015-12-24,1
CUST01062,38.0,369509.22,117334.6,Home,769.0,44,43.74,2023-01-21,0
CUST01063,,218669.19,78872.92,Home,584.0,46,4.96,2024-03-16,1
CUST01064,50.0,599377.03,113488.47,Car,592.0,35,21.13,2017-03-25,0
CUST01065,45.0,480689.91,201937.12,Business,560.0,50,19.46,2021-10-22,1
CUST01066,,194290.24,95556.29,Business,531.0,53,8.31,2018-04-16,1
CUST01067,29.0,527409.43,135768.25,Home,675.0,36,15.13,2016-03-31,0
CUST01068,35.0,430088.18,101500.2,Car,666.0,44,36.42,2019-05-08,0
CUST01069,47.0,572751.46,106378.89,Home,753.0,40,21.12,2020-02-23,1
CUST01070,38.0,363754.25,277630.52,Home,733.0,46,5.97,2023-12-03,0
CUST01071,51.0,296339.28,203015.58,Education,842.0,40,40.14,2024-12-08,0
CUST01072,52.0,300913.37,103532.65,Car,644.0,41,74.21,2025-11-07,0
CUST01073,51.0,338038.44,112271.18,Home,629.0,36,6.9,2016-03-14,1
CUST01074,51.0,446597.29,64788.13,Business,546.0,47,22.52,2025-08-16,1
CUST01075,27.0,476383.86,88984.46,Business,706.0,45,23.18,2020-12-13,0
CUST01076,43.0,402173.98,118852.52,Business,659.0,53,6.72,2016-12-17,1
CUST01077,31.0,358018.6,164451.04,Home,702.0,52,55.14,2022-06-10,0
CUST01078,20.0,371126.54,154744.79,Other,559.0,45,23.56,2015-09-11,1
CUST01079,35.0,1550150.21,50738.72,Education,678.0,38,44.79,2020-04-21,0
CUST01080,53.0,300931.34,177404.84,Education,666.0,33,30.0,2024-07-10,0
CUST01081,43.0,,93595.33,Home,661.0,46,53.75,2026-03-01,0
CUST01082,60.0,2296569.52,54600.87,Business,595.0,41,29.68,2018-04-24,0
CUST01083,40.0,546072.29,220098.59,Education,745.0,43,16.55,2017-01-02,0
CUST01084,65.0,221906.12,237510.57,Business,814.0,43,34.46,2021-09-12,0
CUST01085,40.0,6154665.84,115641.27,Business,561.0,42,11.75,2016-10-22,1
CUST01086,38.0,280682.82,151036.4,Business,708.0,57,36.91,2026-04-01,0
CUST01087,24.0,696993.07,1393883.18,Business,250.0,41,10.05,2018-10-08,0
CUST01088,,398124.03,228082.64,Other,703.0,39,21.92,2017-02-21,0
CUST01089,32.0,355081.31,152793.27,Home,500.0,39,18.67,2017-09-26,1
CUST01090,31.0,989131.42,44506.34,Home,608.0,53,28.15,2019-04-23,1
CUST01091,52.0,587246.93,329682.27,Business,,39,59.77,2023-07-11,0
CUST01092,51.0,719631.62,187099.18,Education,633.0,40,14.69,2024-12-21,1
CUST01093,,,72713.73,Education,717.0,50,42.82,2023-06-19,1
CUST01094,,354256.94,53221.88,Business,501.0,32,54.96,2022-06-21,1
CUST01095,37.0,600595.66,133637.75,Education,621.0,37,41.91,2018-02-08,1
CUST01096,37.0,809852.73,83536.92,Business,609.0,55,28.0,2025-10-10,0
CUST01097,47.0,473245.25,120330.48,Car,776.0,48,26.95,2026-06-28,1
CUST01098,55.0,1089055.43,154205.92,Business,685.0,49,13.93,2022-04-05,1
CUST01099,42.0,676876.15,70272.43,Home,556.0,56,5.06,2024-01-01,0
CUST01100,60.0,491880.6,50530.64,Education,612.0,30,24.22,2018-06-28,0
CUST01101,48.0,501692.8,124429.07,Business,774.0,44,58.22,2020-02-21,0
CUST01102,,473836.95,71680.02,Home,707.0,51,63.76,2024-04-02,0
CUST01103,47.0,236660.19,107759.53,Car,250.0,54,6.26,2019-11-16,1
CUST01104,57.0,422930.82,44090.7,Car,629.0,41,62.45,2023-09-23,1
CUST01105,60.0,494149.43,84854.25,Education,631.0,45,35.62,2024-11-18,1
CUST01106,51.0,359315.98,151595.51,Car,607.0,41,32.77,2025-09-24,1
CUST01107,38.0,523786.01,141996.76,Home,513.0,53,57.93,2018-05-09,1
CUST01108,36.0,447151.95,61511.86,Business,596.0,42,47.08,2020-06-21,0
CUST01109,44.0,651378.36,48973.83,Home,761.0,36,9.9,2019-06-08,0
CUST01110,56.0,616341.33,99653.88,Education,620.0,47,12.58,2020-10-11,1
CUST01111,43.0,480977.92,138222.46,Education,642.0,62,4.39,2023-07-15,0
CUST01112,43.0,223327.27,125882.61,Home,,42,31.71,2018-09-21,1
CUST01113,39.0,1083125.47,72598.83,Home,827.0,36,11.02,2017-09-05,1
CUST01114,34.0,412113.68,118030.07,Other,651.0,42,16.06,2018-02-02,1
CUST01115,36.0,424877.76,243145.01,Business,,48,53.3,2023-10-22,0
CUST01116,39.0,372778.46,111645.82,Home,602.0,47,34.83,2026-06-15,1
CUST01117,57.0,346554.08,37053.25,Business,950.0,49,35.5,2016-03-08,0
CUST01118,35.0,957450.23,111515.65,Education,651.0,49,91.49,2026-03-26,0
CUST01119,39.0,884716.17,336506.98,Home,588.0,40,1.0,2015-05-15,0
CUST01120,28.0,552493.36,45595.55,Business,634.0,35,11.59,2021-02-01,0
CUST01121,46.0,419261.42,100492.14,Car,721.0,46,18.58,2016-07-15,1
CUST01122,53.0,602931.57,86180.46,Home,586.0,37,12.29,2025-12-23,1
CUST01123,56.0,459042.69,104561.4,Business,650.0,44,44.53,2023-10-04,1
CUST01124,40.0,402273.92,110918.53,Home,707.0,45,20.39,2019-02-04,0
CUST01125,44.0,523898.35,195630.55,Home,584.0,48,8.92,2022-11-21,1
CUST01126,36.0,354839.6,103867.36,Home,738.0,49,29.72,2024-10-08,1
CUST01127,44.0,501887.93,212427.44,Business,656.0,41,33.48,2017-07-01,0
CUST01128,41.0,489975.4,91987.37,Business,637.0,52,9.64,2022-04-19,0
CUST01129,39.0,598072.95,80010.88,Other,489.0,34,21.19,2018-06-11,1
CUST01130,40.0,324626.81,66071.33,Home,620.0,43,34.06,2023-03-30,1
CUST01131,43.0,631004.44,233738.33,Business,680.0,47,55.36,2021-07-10,0
CUST01132,35.0,281206.42,116479.3,Education,790.0,40,13.45,2023-04-04,0
CUST01133,35.0,332274.49,338540.89,Car,695.0,48,36.81,2022-04-26,0
CUST01134,57.0,339604.67,129954.71,Home,740.0,50,15.24,2022-04-23,1
CUST01135,68.0,258842.26,149051.69,Business,553.0,45,25.76,2015-12-22,1
CUST01136,25.0,735150.96,77047.79,Home,640.0,35,10.47,2024-10-18,1
CUST01137,24.0,272521.77,85254.82,Education,748.0,45,36.01,2016-12-20,1
CUST01138,27.0,311932.42,178221.94,Education,579.0,52,49.11,2019-07-04,0
CUST01139,37.0,828774.89,329461.96,Home,727.0,54,21.93,2020-11-15,0
CUST01140,48.0,332604.26,241052.19,Other,709.0,40,19.78,2024-10-04,1
CUST01141,45.0,402692.55,160034.83,Business,672.0,42,18.32,2022-03-26,1
CUST01142,40.0,266728.22,100819.83,Car,624.0,43,7.97,2017-02-08,1
CUST01143,44.0,670967.25,111952.66,Business,571.0,61,41.18,2018-04-17,1
CUST01144,,,62811.64,Car,792.0,45,54.4,2017-04-19,0
CUST01145,35.0,640159.7,41402.62,Business,701.0,37,12.79,2021-10-16,1
CUST01146,38.0,578830.47,50207.56,Home,,47,28.43,2023-03-31,0
CUST01147,21.0,458994.98,101709.91,Car,617.0,54,35.31,2023-02-24,0
CUST01148,25.0,340377.87,82851.46,Car,653.0,38,15.02,2023-08-16,1
CUST01149,26.0,294347.21,209219.84,Car,663.0,43,63.58,2023-01-25,1
CUST01150,46.0,843194.36,96529.7,Car,682.0,35,28.82,2025-05-15,1
CUST01151,41.0,648490.18,81547.57,Home,709.0,42,6.25,2025-06-02,0
CUST01152,45.0,312808.95,48839.3,Other,587.0,42,50.92,2018-02-27,1
CUST01153,18.0,451312.77,79054.49,Home,533.0,48,22.62,2018-07-01,1
CUST01154,22.0,380766.82,767574.39,Home,657.0,37,17.24,2015-08-24,1
CUST01155,45.0,251675.2,68187.58,Car,510.0,44,39.02,2018-01-27,1
CUST01156,18.0,,172129.45,Education,624.0,35,15.45,2020-10-31,0
CUST01157,51.0,359422.43,31516.27,Home,609.0,46,60.91,2022-07-28,1
CUST01158,18.0,274781.54,29987.04,Education,689.0,48,52.14,2025-01-22,1
CUST01159,47.0,211173.16,98910.58,Business,809.0,39,66.57,2021-10-29,1
CUST01160,28.0,202419.64,104576.73,Home,494.0,43,88.17,2026-03-02,1
CUST01161,50.0,367429.57,125810.12,Other,832.0,52,34.93,2021-05-11,1
CUST01162,73.0,423984.64,71440.19,Car,631.0,56,24.27,2024-11-10,1
CUST01163,,,56911.1,Education,678.0,54,14.94,2024-04-15,0
CUST01164,46.0,612540.12,98283.39,Home,,35,37.38,2020-08-18,0
CUST01165,18.0,428149.08,723109.48,Business,730.0,48,86.58,2025-01-10,0
CUST01166,43.0,590333.35,250356.92,Business,653.0,43,8.03,2024-12-03,0
CUST01167,36.0,403747.36,81264.43,Home,645.0,50,30.64,2018-08-04,0
CUST01168,39.0,298474.92,95615.37,Home,495.0,54,6.16,2017-06-17,1
CUST01169,28.0,468391.04,435936.07,Home,656.0,33,5.89,2016-05-24,0
CUST01170,,235310.86,87828.72,Home,718.0,48,55.63,2025-08-03,1
CUST01171,22.0,579383.14,137818.67,Other,631.0,38,49.66,2020-01-31,1
CUST01172,52.0,276903.79,145478.8,Education,744.0,42,14.29,2021-07-07,0
CUST01173,33.0,700196.48,153099.14,Education,741.0,47,9.46,2018-02-21,1
CUST01174,23.0,373536.92,117441.12,Other,599.0,40,68.31,2019-06-23,1
CUST01175,56.0,752583.14,110891.16,Business,778.0,44,10.13,2019-08-17,0
CUST01176,37.0,252379.3,104841.04,Business,654.0,55,7.37,2021-09-07,0
CUST01177,59.0,315248.08,69870.84,Car,654.0,41,10.44,2017-01-05,1
CUST01178,51.0,535238.37,120007.71,Car,658.0,36,33.0,2024-01-05,0
CUST01179,29.0,794325.45,333429.76,Home,656.0,43,96.28,2019-06-29,1
CUST01180,37.0,1017953.15,204108.94,Car,440.0,45,15.14,2017-10-05,1
CUST01181,39.0,451659.15,118462.39,Car,635.0,48,55.15,2015-03-03,1
CUST01182,55.0,1108893.04,164966.53,Home,541.0,45,26.73,2016-03-03,0
CUST01183,43.0,382761.64,58600.26,Car,780.0,47,3.19,2018-02-04,0
CUST01184,40.0,766341.99,84431.24,Car,777.0,45,15.54,2023-06-05,0
CUST01185,36.0,276208.0,174330.8,Car,718.0,42,50.04,2024-10-28,1
CUST01186,37.0,545850.42,240939.3,Home,631.0,50,48.2,2025-12-12,1
CUST01187,52.0,137194.3,62160.83,Car,569.0,48,13.68,2018-06-04,0
CUST01188,38.0,252509.59,73854.12,Car,597.0,44,41.03,2022-04-28,1
CUST01189,34.0,558683.5,365428.34,Business,805.0,49,22.24,2018-01-31,1
CUST01190,32.0,229528.06,104585.14,Business,595.0,46,32.08,2016-08-21,0
CUST01191,32.0,547695.53,294789.61,Home,462.0,44,57.28,2021-03-29,1
CUST01192,23.0,696086.39,111760.6,Home,732.0,44,14.17,2022-05-24,0
CUST01193,30.0,344324.53,114428.81,Car,770.0,39,17.91,2023-09-29,0
CUST01194,54.0,272535.33,82183.14,Home,783.0,47,58.0,2016-05-04,1
CUST01195,36.0,349027.74,173777.86,Car,733.0,48,89.7,2023-08-02,0
CUST01196,46.0,272963.63,222941.91,Other,746.0,57,45.82,2018-06-28,0
CUST01197,18.0,420581.36,53050.45,Home,654.0,53,30.63,2018-03-14,1
CUST01198,44.0,465582.84,79899.88,Car,484.0,56,45.53,2015-05-13,1
CUST01199,36.0,379646.16,170936.45,Business,652.0,54,15.47,2017-05-08,0
CUST01200,33.0,1021905.54,91333.31,Education,700.0,55,25.57,2020-08-08,1
